DATE,FEDFUNDS,debt_to_gdp,democrat,election,expenditure_to_gdp,inflation,president,president_party,ygap,lag_FEDFUNDS,pres1,pres2,pres3,pres4,pres5,pres6,pres7,pres8,pres9,pres10,pres11,pres12,pres13,pres14,pres15,elec_dem,elec_rep
1-Jan-53,,,0,0,17.39040136,-1.15368,Dwight Eisenhower,R,4.22659749,,0,1,0,0,0,0,0,0,0,0,0,0,0,0,0,0,0
1-Apr-53,,,0,1,17.75021802,1.50264,Dwight Eisenhower,R,4.014450105,,0,1,0,0,0,0,0,0,0,0,0,0,0,0,0,0,1
1-Jul-53,,,0,2,17.34434323,1.84132,Dwight Eisenhower,R,2.472877667,,0,1,0,0,0,0,0,0,0,0,0,0,0,0,0,0,2
1-Oct-53,,,0,3,17.95774282,0.70036,Dwight Eisenhower,R,0.032127127,,0,1,0,0,0,0,0,0,0,0,0,0,0,0,0,0,3
1-Jan-54,,,0,4,17.32216792,0.93716,Dwight Eisenhower,R,-1.200299979,,0,1,0,0,0,0,0,0,0,0,0,0,0,0,0,0,4
1-Apr-54,,,0,5,16.94300616,-0.63816,Dwight Eisenhower,R,-1.77093617,,0,1,0,0,0,0,0,0,0,0,0,0,0,0,0,0,5
1-Jul-54,1.03,,0,6,16.7284262,-1.04052,Dwight Eisenhower,R,-1.330994548,,0,1,0,0,0,0,0,0,0,0,0,0,0,0,0,0,6
1-Oct-54,0.99,,0,7,16.53765176,-1.23696,Dwight Eisenhower,R,-0.018600941,1.03,0,1,0,0,0,0,0,0,0,0,0,0,0,0,0,0,7
1-Jan-55,1.34,,0,8,16.09669588,0.53816,Dwight Eisenhower,R,2.179270073,0.99000001,0,1,0,0,0,0,0,0,0,0,0,0,0,0,0,0,8
1-Apr-55,1.5,,0,9,15.47933712,-0.53744,Dwight Eisenhower,R,3.163925598,1.34,0,1,0,0,0,0,0,0,0,0,0,0,0,0,0,0,9
1-Jul-55,1.94,,0,10,16.02140333,0.299,Dwight Eisenhower,R,3.806993007,1.5,0,1,0,0,0,0,0,0,0,0,0,0,0,0,0,0,10
1-Oct-55,2.36,,0,11,15.49320785,1.19504,Dwight Eisenhower,R,3.632008821,1.9400001,0,1,0,0,0,0,0,0,0,0,0,0,0,0,0,0,11
1-Jan-56,2.48,,0,12,15.34086587,0.04468,Dwight Eisenhower,R,2.385619326,2.3599999,0,1,0,0,0,0,0,0,0,0,0,0,0,0,0,0,12
1-Apr-56,2.69,,0,13,15.86985008,2.63588,Dwight Eisenhower,R,2.402260478,2.48,0,1,0,0,0,0,0,0,0,0,0,0,0,0,0,0,13
1-Jul-56,2.81,,0,14,15.41511065,4.14248,Dwight Eisenhower,R,1.473581291,2.6900001,0,1,0,0,0,0,0,0,0,0,0,0,0,0,0,0,14
1-Oct-56,2.93,,0,15,15.84511545,3.4118,Dwight Eisenhower,R,2.307046714,2.8099999,0,1,0,0,0,0,0,0,0,0,0,0,0,0,0,0,15
1-Jan-57,2.93,,0,0,16.27439756,3.29584,Dwight Eisenhower (2nd term),R,2.10712743,2.9300001,0,0,1,0,0,0,0,0,0,0,0,0,0,0,0,0,0
1-Apr-57,3,,0,1,16.46450739,3.39848,Dwight Eisenhower (2nd term),R,1.015850144,2.9300001,0,0,1,0,0,0,0,0,0,0,0,0,0,0,0,0,1
1-Jul-57,3.23,,0,2,16.20943299,3.56976,Dwight Eisenhower (2nd term),R,1.13040624,3,0,0,1,0,0,0,0,0,0,0,0,0,0,0,0,0,2
1-Oct-57,3.25,,0,3,17.05256047,1.93892,Dwight Eisenhower (2nd term),R,-0.776497166,3.23,0,0,1,0,0,0,0,0,0,0,0,0,0,0,0,0,3
1-Jan-58,1.86,,0,4,16.94068953,4.74648,Dwight Eisenhower (2nd term),R,-4.279965071,3.25,0,0,1,0,0,0,0,0,0,0,0,0,0,0,0,0,4
1-Apr-58,0.94,,0,5,17.88045686,2.68644,Dwight Eisenhower (2nd term),R,-4.479402018,1.86,0,0,1,0,0,0,0,0,0,0,0,0,0,0,0,0,5
1-Jul-58,1.32,,0,6,17.65921934,-0.23504,Dwight Eisenhower (2nd term),R,-3.029919319,0.94,0,0,1,0,0,0,0,0,0,0,0,0,0,0,0,0,6
1-Oct-58,2.16,,0,7,17.31988637,0.41504,Dwight Eisenhower (2nd term),R,-1.563102119,1.3200001,0,0,1,0,0,0,0,0,0,0,0,0,0,0,0,0,7
1-Jan-59,2.57,,0,8,16.50928019,0.691,Dwight Eisenhower (2nd term),R,-0.365805242,2.1600001,0,0,1,0,0,0,0,0,0,0,0,0,0,0,0,0,8
1-Apr-59,3.08,,0,9,16.44074426,0.68984,Dwight Eisenhower (2nd term),R,1.331035992,2.5699999,0,0,1,0,0,0,0,0,0,0,0,0,0,0,0,0,9
1-Jul-59,3.58,,0,10,16.49315967,2.06592,Dwight Eisenhower (2nd term),R,0.375682615,3.0799999,0,0,1,0,0,0,0,0,0,0,0,0,0,0,0,0,10
1-Oct-59,3.99,,0,11,16.63972807,2.42524,Dwight Eisenhower (2nd term),R,-0.136106131,3.5799999,0,0,1,0,0,0,0,0,0,0,0,0,0,0,0,0,11
1-Jan-60,3.93,,0,12,15.94028617,0.36772,Dwight Eisenhower (2nd term),R,1.175975272,3.99,0,0,1,0,0,0,0,0,0,0,0,0,0,0,0,0,12
1-Apr-60,3.7,,0,13,16.36334114,2.3948,Dwight Eisenhower (2nd term),R,-0.250219954,3.9300001,0,0,1,0,0,0,0,0,0,0,0,0,0,0,0,0,13
1-Jul-60,2.94,,0,14,16.46606864,0.22992,Dwight Eisenhower (2nd term),R,-1.065584054,3.7,0,0,1,0,0,0,0,0,0,0,0,0,0,0,0,0,14
1-Oct-60,2.3,,0,15,17.18735526,2.56844,Dwight Eisenhower (2nd term),R,-3.308055891,2.9400001,0,0,1,0,0,0,0,0,0,0,0,0,0,0,0,0,15
1-Jan-61,2,,1,0,17.00874932,0.80592,Kennedy-Johnson,D,-3.710372622,2.3,0,0,0,0,0,0,0,1,0,0,0,0,0,0,0,0,0
1-Apr-61,1.73,,1,1,17.32688729,-0.13404,Kennedy-Johnson,D,-2.890786137,2,0,0,0,0,0,0,0,1,0,0,0,0,0,0,0,1,0
1-Jul-61,1.68,,1,2,17.03519393,1.56888,Kennedy-Johnson,D,-2.309064739,1.73,0,0,0,0,0,0,0,1,0,0,0,0,0,0,0,2,0
1-Oct-61,2.4,,1,3,16.88673809,0.57436,Kennedy-Johnson,D,-1.317934783,1.6799999,0,0,0,0,0,0,0,1,0,0,0,0,0,0,0,3,0
1-Jan-62,2.46,,1,4,17.13371996,1.56052,Kennedy-Johnson,D,-0.549835958,2.4000001,0,0,0,0,0,0,0,1,0,0,0,0,0,0,0,4,0
1-Apr-62,2.61,,1,5,17.21494664,1.50132,Kennedy-Johnson,D,-0.457678316,2.46,0,0,0,0,0,0,0,1,0,0,0,0,0,0,0,5,0
1-Jul-62,2.85,,1,6,17.27031866,1.15156,Kennedy-Johnson,D,-0.54511254,2.6099999,0,0,0,0,0,0,0,1,0,0,0,0,0,0,0,6,0
1-Oct-62,2.92,,1,7,17.49466501,0.96348,Kennedy-Johnson,D,-1.306245225,2.8499999,0,0,0,0,0,0,0,1,0,0,0,0,0,0,0,7,0
1-Jan-63,2.97,,1,8,17.4451275,1.27716,Kennedy-Johnson,D,-1.033838495,2.9200001,0,0,0,0,0,0,0,1,0,0,0,0,0,0,0,8,0
1-Apr-63,2.96,,1,9,17.19606045,0.735,Kennedy-Johnson,D,-0.812505847,2.97,0,0,0,0,0,0,0,1,0,0,0,0,0,0,0,9,0
1-Jul-63,3.33,,1,10,17.11741658,2.4498,Kennedy-Johnson,D,0.022595382,2.96,0,0,0,0,0,0,0,1,0,0,0,0,0,0,0,10,0
1-Oct-63,3.45,,1,11,17.20684322,1.08072,Kennedy-Johnson,D,-0.24238443,3.3299999,0,0,0,0,0,0,0,1,0,0,0,0,0,0,0,11,0
1-Jan-64,3.46,,1,12,17.05605498,1.6492,Kennedy-Johnson,D,0.957055586,3.45,0,0,0,0,0,0,0,1,0,0,0,0,0,0,0,12,0
1-Apr-64,3.49,,1,13,16.9540493,0.64664,Kennedy-Johnson,D,1.074235939,3.46,0,0,0,0,0,0,0,1,0,0,0,0,0,0,0,13,0
1-Jul-64,3.46,,1,14,16.49609572,0.9038,Kennedy-Johnson,D,1.39747578,3.49,0,0,0,0,0,0,0,1,0,0,0,0,0,0,0,14,0
1-Oct-64,3.58,,1,15,16.35546739,1.8422,Kennedy-Johnson,D,0.629145287,3.46,0,0,0,0,0,0,0,1,0,0,0,0,0,0,0,15,0
1-Jan-65,3.97,,1,0,16.09911859,1.24388,Lyndon Johnson,D,2.023821268,3.5799999,0,0,0,0,0,0,0,0,1,0,0,0,0,0,0,0,0
1-Apr-65,4.08,,1,1,16.19693091,2.55672,Lyndon Johnson,D,2.318557648,3.97,0,0,0,0,0,0,0,0,1,0,0,0,0,0,0,1,0
1-Jul-65,4.07,,1,2,16.58888604,1.18132,Lyndon Johnson,D,3.277145048,4.0799999,0,0,0,0,0,0,0,0,1,0,0,0,0,0,0,2,0
1-Oct-65,4.17,,1,3,16.57642948,2.11508,Lyndon Johnson,D,4.618889763,4.0700002,0,0,0,0,0,0,0,0,1,0,0,0,0,0,0,3,0
1-Jan-66,4.56,,1,4,16.55522595,3.74172,Lyndon Johnson,D,6.001639162,4.1700001,0,0,0,0,0,0,0,0,1,0,0,0,0,0,0,4,0
1-Apr-66,4.91,41.15677918,1,5,17.16794361,3.61968,Lyndon Johnson,D,5.148020985,4.5599999,0,0,0,0,0,0,0,0,1,0,0,0,0,0,0,5,0
1-Jul-66,5.41,39.85269227,1,6,17.42389859,3.46352,Lyndon Johnson,D,4.626815824,4.9099998,0,0,0,0,0,0,0,0,1,0,0,0,0,0,0,6,0
1-Oct-66,5.56,40.24481193,1,7,17.74624345,3.26212,Lyndon Johnson,D,4.257226442,5.4099998,0,0,0,0,0,0,0,0,1,0,0,0,0,0,0,7,0
1-Jan-67,4.82,40.27073072,1,8,18.68512796,1.0218,Lyndon Johnson,D,3.964661874,5.5599999,0,0,0,0,0,0,0,0,1,0,0,0,0,0,0,8,0
1-Apr-67,3.99,40.24538543,1,9,18.81256251,2.42668,Lyndon Johnson,D,2.80802623,4.8200002,0,0,0,0,0,0,0,0,1,0,0,0,0,0,0,9,0
1-Jul-67,3.89,38.5782265,1,10,18.67422583,4.01604,Lyndon Johnson,D,2.467152527,3.99,0,0,0,0,0,0,0,0,1,0,0,0,0,0,0,10,0
1-Oct-67,4.17,39.3927896,1,11,18.88155597,4.38208,Lyndon Johnson,D,2.115429011,3.8900001,0,0,0,0,0,0,0,0,1,0,0,0,0,0,0,11,0
1-Jan-68,4.79,39.17674737,1,12,18.98235903,3.93304,Lyndon Johnson,D,3.10645587,4.1700001,0,0,0,0,0,0,0,0,1,0,0,0,0,0,0,12,0
1-Apr-68,5.98,38.65504719,1,13,19.15757204,3.89472,Lyndon Johnson,D,3.751268016,4.79,0,0,0,0,0,0,0,0,1,0,0,0,0,0,0,13,0
1-Jul-68,5.94,37.5706309,1,14,19.09159688,5.40932,Lyndon Johnson,D,3.378649703,5.98,0,0,0,0,0,0,0,0,1,0,0,0,0,0,0,14,0
1-Oct-68,5.92,37.89057789,1,15,19.12991236,4.94856,Lyndon Johnson,D,2.769338613,5.9400001,0,0,0,0,0,0,0,0,1,0,0,0,0,0,0,15,0
1-Jan-69,6.57,37.26114316,0,0,18.38969468,4.8994,Richard Nixon,R,3.338203068,5.9200001,0,0,0,0,0,0,0,0,0,0,1,0,0,0,0,0,0
1-Apr-69,8.33,36.8352797,0,1,18.72775425,6.3122,Richard Nixon,R,2.619702011,6.5700002,0,0,0,0,0,0,0,0,0,0,1,0,0,0,0,0,1
1-Jul-69,8.98,35.42006819,0,2,18.71900344,5.48952,Richard Nixon,R,2.277411652,8.3299999,0,0,0,0,0,0,0,0,0,0,1,0,0,0,0,0,2
1-Oct-69,8.94,35.90810123,0,3,18.95532799,6.14084,Richard Nixon,R,0.85307059,8.9799995,0,0,0,0,0,0,0,0,0,0,1,0,0,0,0,0,3
1-Jan-70,8.57,36.20323084,0,4,18.67058148,6.4,Richard Nixon,R,-0.197584994,8.9399996,0,0,0,0,0,0,0,0,0,0,1,0,0,0,0,0,4
1-Apr-70,7.88,36.00997079,0,5,19.78575142,5.5958,Richard Nixon,R,-0.869679429,8.5699997,0,0,0,0,0,0,0,0,0,0,1,0,0,0,0,0,5
1-Jul-70,6.7,35.23085552,0,6,19.47676276,4.14152,Richard Nixon,R,-0.805611916,7.8800001,0,0,0,0,0,0,0,0,0,0,1,0,0,0,0,0,6
1-Oct-70,5.57,35.97322239,0,7,19.70234955,5.81048,Richard Nixon,R,-2.634223889,6.6999998,0,0,0,0,0,0,0,0,0,0,1,0,0,0,0,0,7
1-Jan-71,3.86,35.44073085,0,8,19.35243604,3.36364,Richard Nixon,R,-0.721412683,5.5700002,0,0,0,0,0,0,0,0,0,0,1,0,0,0,0,0,8
1-Apr-71,4.56,35.00929938,0,9,19.84350129,3.67616,Richard Nixon,R,-0.911652738,3.8599999,0,0,0,0,0,0,0,0,0,0,1,0,0,0,0,0,9
1-Jul-71,5.47,34.88082321,0,10,19.44627513,3.97024,Richard Nixon,R,-0.866523576,4.5599999,0,0,0,0,0,0,0,0,0,0,1,0,0,0,0,0,10
1-Oct-71,4.75,35.8056609,0,11,19.65425661,2.9484,Richard Nixon,R,-1.330078558,5.4699998,0,0,0,0,0,0,0,0,0,0,1,0,0,0,0,0,11
1-Jan-72,3.54,35.63702377,0,12,19.93040367,3.2488,Richard Nixon,R,-0.320044931,4.75,0,0,0,0,0,0,0,0,0,0,1,0,0,0,0,0,12
1-Apr-72,4.3,34.86962918,0,13,20.06449562,2.58388,Richard Nixon,R,1.276608302,3.54,0,0,0,0,0,0,0,0,0,0,1,0,0,0,0,0,13
1-Jul-72,4.74,34.13480296,0,14,19.03515458,3.20192,Richard Nixon,R,1.462072406,4.3000002,0,0,0,0,0,0,0,0,0,0,1,0,0,0,0,0,14
1-Oct-72,5.14,33.72864107,0,15,20.19306768,4.13992,Richard Nixon,R,2.323117979,4.7399998,0,0,0,0,0,0,0,0,0,0,1,0,0,0,0,0,15
1-Jan-73,6.54,33.59111162,0,0,19.41435969,6.28792,Nixon-Ford,R,4.091493222,5.1399999,0,0,0,0,0,0,0,0,0,1,0,0,0,0,0,0,0
1-Apr-73,7.82,33.43944858,0,1,19.19133824,8.36568,Nixon-Ford,R,4.412925213,6.54,0,0,0,0,0,0,0,0,0,1,0,0,0,0,0,0,1
1-Jul-73,10.56,32.88332403,0,2,18.83188808,7.89384,Nixon-Ford,R,2.96004365,7.8200002,0,0,0,0,0,0,0,0,0,1,0,0,0,0,0,0,2
1-Oct-73,10,32.17076582,0,3,18.59924999,10.11608,Nixon-Ford,R,3.023275163,10.56,0,0,0,0,0,0,0,0,0,1,0,0,0,0,0,0,3
1-Jan-74,9.32,32.42767828,0,4,19.1148351,11.90428,Nixon-Ford,R,1.193746522,10,0,0,0,0,0,0,0,0,0,1,0,0,0,0,0,0,4
1-Apr-74,11.25,31.90101783,0,5,19.49048305,10.7146,Nixon-Ford,R,0.51640834,9.3199997,0,0,0,0,0,0,0,0,0,1,0,0,0,0,0,0,5
1-Jul-74,12.09,31.33021547,0,6,19.82603069,11.25044,Nixon-Ford,R,-1.393654904,11.25,0,0,0,0,0,0,0,0,0,1,0,0,0,0,0,0,6
1-Oct-74,9.35,31.00715513,0,7,20.07396214,12.28848,Nixon-Ford,R,-2.671826129,12.09,0,0,0,0,0,0,0,0,0,1,0,0,0,0,0,0,7
1-Jan-75,6.3,31.3908274,0,8,20.84803989,8.54916,Nixon-Ford,R,-4.700206685,9.3500004,0,0,0,0,0,0,0,0,0,1,0,0,0,0,0,0,8
1-Apr-75,5.42,31.75489297,0,9,21.88815247,4.81672,Nixon-Ford,R,-4.778062431,6.3000002,0,0,0,0,0,0,0,0,0,1,0,0,0,0,0,0,9
1-Jul-75,6.16,32.07291464,0,10,21.21600072,8.02256,Nixon-Ford,R,-3.959655193,5.4200001,0,0,0,0,0,0,0,0,0,1,0,0,0,0,0,0,10
1-Oct-75,5.41,32.30322333,0,11,21.11550595,7.37096,Nixon-Ford,R,-3.471133521,6.1599998,0,0,0,0,0,0,0,0,0,1,0,0,0,0,0,0,11
1-Jan-76,4.83,32.54397534,0,12,20.70085989,4.5814,Nixon-Ford,R,-2.029156483,5.4099998,0,0,0,0,0,0,0,0,0,1,0,0,0,0,0,0,12
1-Apr-76,5.2,33.28177066,0,13,20.47375657,3.5778,Nixon-Ford,R,-2.040815157,4.8299999,0,0,0,0,0,0,0,0,0,1,0,0,0,0,0,0,13
1-Jul-76,5.28,33.76161922,0,14,20.71628871,6.38296,Nixon-Ford,R,-2.30728989,5.1999998,0,0,0,0,0,0,0,0,0,1,0,0,0,0,0,0,14
1-Oct-76,4.87,33.67982163,0,15,20.67907013,5.815,Nixon-Ford,R,-2.351189692,5.2800002,0,0,0,0,0,0,0,0,0,1,0,0,0,0,0,0,15
1-Jan-77,4.66,33.71423577,1,0,20.36133637,7.3418,Jimmy Carter,D,-1.995595947,4.8699999,0,0,0,0,0,0,1,0,0,0,0,0,0,0,0,0,0
1-Apr-77,5.16,33.37310729,1,1,20.08250109,6.97972,Jimmy Carter,D,-0.843604791,4.6599998,0,0,0,0,0,0,1,0,0,0,0,0,0,0,0,1,0
1-Jul-77,5.82,32.6447732,1,2,20.09728262,5.53848,Jimmy Carter,D,0.106883825,5.1599998,0,0,0,0,0,0,1,0,0,0,0,0,0,0,0,2,0
1-Oct-77,6.51,33.10751916,1,3,20.26700918,5.89516,Jimmy Carter,D,-0.750309541,5.8200002,0,0,0,0,0,0,1,0,0,0,0,0,0,0,0,3,0
1-Jan-78,6.76,33.45416857,1,4,20.37190013,6.88108,Jimmy Carter,D,-1.261802033,6.5100002,0,0,0,0,0,0,1,0,0,0,0,0,0,0,0,4,0
1-Apr-78,7.28,32.44115506,1,5,19.58468053,9.1,Jimmy Carter,D,1.708128321,6.7600002,0,0,0,0,0,0,1,0,0,0,0,0,0,0,0,5,0
1-Jul-78,8.1,32.0752111,1,6,19.57852688,9.30708,Jimmy Carter,D,1.778368794,7.2800002,0,0,0,0,0,0,1,0,0,0,0,0,0,0,0,6,0
1-Oct-78,9.58,31.93399341,1,7,19.50283807,9.29556,Jimmy Carter,D,2.19675991,8.1000004,0,0,0,0,0,0,1,0,0,0,0,0,0,0,0,7,0
1-Jan-79,10.07,32.03824574,1,8,19.42494249,10.07408,Jimmy Carter,D,1.45494915,9.5799999,0,0,0,0,0,0,1,0,0,0,0,0,0,0,0,8,0
1-Apr-79,10.18,31.53785997,1,9,19.38679582,12.71676,Jimmy Carter,D,0.682297692,10.07,0,0,0,0,0,0,1,0,0,0,0,0,0,0,0,9,0
1-Jul-79,10.95,30.96159486,1,10,19.52906924,12.88516,Jimmy Carter,D,0.591474276,10.18,0,0,0,0,0,0,1,0,0,0,0,0,0,0,0,10,0
1-Oct-79,13.58,31.07913605,1,11,19.83529025,12.66216,Jimmy Carter,D,0.117210077,10.95,0,0,0,0,0,0,1,0,0,0,0,0,0,0,0,11,0
1-Jan-80,15.05,31.02369223,1,12,20.25257007,15.78264,Jimmy Carter,D,-0.221781275,13.58,0,0,0,0,0,0,1,0,0,0,0,0,0,0,0,12,0
1-Apr-80,12.69,31.65149911,1,13,20.98978215,13.49816,Jimmy Carter,D,-2.831212223,15.05,0,0,0,0,0,0,1,0,0,0,0,0,0,0,0,13,0
1-Jul-80,9.84,31.50995606,1,14,21.76148554,7.50552,Jimmy Carter,D,-3.536554004,12.69,0,0,0,0,0,0,1,0,0,0,0,0,0,0,0,14,0
1-Oct-80,15.85,31.13562481,1,15,21.51741316,11.21672,Jimmy Carter,D,-2.269729739,9.8400002,0,0,0,0,0,0,1,0,0,0,0,0,0,0,0,15,0
1-Jan-81,16.57,30.48484847,0,0,21.29197283,11.06032,Ronald Reagan,R,-0.779510648,15.85,0,0,0,0,0,0,0,0,0,0,0,1,0,0,0,0,0
1-Apr-81,17.78,31.27237454,0,1,21.50899584,8.34272,Ronald Reagan,R,-2.16121457,16.57,0,0,0,0,0,0,0,0,0,0,0,1,0,0,0,0,1
1-Jul-81,17.58,30.568878,0,2,21.62415714,11.13996,Ronald Reagan,R,-1.60905887,17.780001,0,0,0,0,0,0,0,0,0,0,0,1,0,0,0,0,2
1-Oct-81,13.59,31.23516505,0,3,22.11821119,6.50288,Ronald Reagan,R,-3.499238373,17.58,0,0,0,0,0,0,0,0,0,0,0,1,0,0,0,0,3
1-Jan-82,14.23,32.29994611,0,4,22.637897,3.55348,Ronald Reagan,R,-5.788248729,13.59,0,0,0,0,0,0,0,0,0,0,0,1,0,0,0,0,4
1-Apr-82,14.51,32.74670108,0,5,22.61076525,5.78012,Ronald Reagan,R,-5.995913611,14.23,0,0,0,0,0,0,0,0,0,0,0,1,0,0,0,0,5
1-Jul-82,11.01,32.97211325,0,6,23.20749596,6.94404,Ronald Reagan,R,-7.074766355,14.51,0,0,0,0,0,0,0,0,0,0,0,1,0,0,0,0,6
1-Oct-82,9.29,34.4761517,0,7,24.05407687,1.22908,Ronald Reagan,R,-7.707528335,11.01,0,0,0,0,0,0,0,0,0,0,0,1,0,0,0,0,7
1-Jan-83,8.65,35.40634921,0,8,23.64418203,0.27364,Ronald Reagan,R,-7.233398361,9.29,0,0,0,0,0,0,0,0,0,0,0,1,0,0,0,0,8
1-Apr-83,8.8,35.73836528,0,9,23.58544355,4.62448,Ronald Reagan,R,-5.818614309,8.6499996,0,0,0,0,0,0,0,0,0,0,0,1,0,0,0,0,9
1-Jul-83,9.46,36.78690394,0,10,23.16359396,3.90184,Ronald Reagan,R,-4.636732935,8.8000002,0,0,0,0,0,0,0,0,0,0,0,1,0,0,0,0,10
1-Oct-83,9.43,37.34175648,0,11,22.40433265,3.996,Ronald Reagan,R,-3.358480765,9.46,0,0,0,0,0,0,0,0,0,0,0,1,0,0,0,0,11
1-Jan-84,9.69,37.05180292,0,12,22.33821061,5.66964,Ronald Reagan,R,-2.211613412,9.4300003,0,0,0,0,0,0,0,0,0,0,0,1,0,0,0,0,12
1-Apr-84,10.56,37.4712533,0,13,22.36129189,3.77244,Ronald Reagan,R,-1.289723564,9.6899996,0,0,0,0,0,0,0,0,0,0,0,1,0,0,0,0,13
1-Jul-84,11.39,38.04640185,0,14,22.33190137,3.47828,Ronald Reagan,R,-1.119045131,10.56,0,0,0,0,0,0,0,0,0,0,0,1,0,0,0,0,14
1-Oct-84,9.27,38.97600742,0,15,22.6552953,3.44828,Ronald Reagan,R,-1.124444708,11.39,0,0,0,0,0,0,0,0,0,0,0,1,0,0,0,0,15
1-Jan-85,8.48,40.39107346,0,0,22.62480708,3.67332,Ronald Reagan (2nd term),R,-1.022408552,9.2700005,0,0,0,0,0,0,0,0,0,0,0,0,1,0,0,0,0
1-Apr-85,7.92,40.96895543,0,1,22.645433,3.63612,Ronald Reagan (2nd term),R,-1.021565344,8.4799995,0,0,0,0,0,0,0,0,0,0,0,0,1,0,0,0,1
1-Jul-85,7.9,41.67484587,0,2,22.55125236,2.48804,Ronald Reagan (2nd term),R,-0.318773825,7.9200001,0,0,0,0,0,0,0,0,0,0,0,0,1,0,0,0,2
1-Oct-85,8.1,42.21395827,0,3,22.56918294,4.07784,Ronald Reagan (2nd term),R,-0.397812048,7.9000001,0,0,0,0,0,0,0,0,0,0,0,0,1,0,0,0,3
1-Jan-86,7.83,44.40345685,0,4,22.46936649,2.08072,Ronald Reagan (2nd term),R,-0.259096719,8.1000004,0,0,0,0,0,0,0,0,0,0,0,0,1,0,0,0,4
1-Apr-86,6.92,44.91792748,0,5,22.82051081,-1.94948,Ronald Reagan (2nd term),R,-0.656996731,7.8299999,0,0,0,0,0,0,0,0,0,0,0,0,1,0,0,0,5
1-Jul-86,6.21,45.85221994,0,6,22.89995926,2.44696,Ronald Reagan (2nd term),R,-0.48854471,6.9200001,0,0,0,0,0,0,0,0,0,0,0,0,1,0,0,0,6
1-Oct-86,6.27,46.77872834,0,7,22.45057785,2.79672,Ronald Reagan (2nd term),R,-0.782837249,6.21,0,0,0,0,0,0,0,0,0,0,0,0,1,0,0,0,7
1-Jan-87,6.22,48.03284003,0,8,22.27675347,4.8268,Ronald Reagan (2nd term),R,-0.998967738,6.27,0,0,0,0,0,0,0,0,0,0,0,0,1,0,0,0,8
1-Apr-87,6.65,47.93802965,0,9,22.23513912,4.53308,Ronald Reagan (2nd term),R,-0.710100389,6.2199998,0,0,0,0,0,0,0,0,0,0,0,0,1,0,0,0,9
1-Jul-87,6.84,48.4690425,0,10,21.92895826,4.24528,Ronald Reagan (2nd term),R,-0.607829317,6.6500001,0,0,0,0,0,0,0,0,0,0,0,0,1,0,0,0,10
1-Oct-87,6.92,48.1304457,0,11,21.89984356,3.7316,Ronald Reagan (2nd term),R,0.32988498,6.8400002,0,0,0,0,0,0,0,0,0,0,0,0,1,0,0,0,11
1-Jan-88,6.66,49.13890156,0,12,21.95747875,3.1214,Ronald Reagan (2nd term),R,0.08811749,6.9200001,0,0,0,0,0,0,0,0,0,0,0,0,1,0,0,0,12
1-Apr-88,7.16,49.16800091,0,13,21.44767998,4.59076,Ronald Reagan (2nd term),R,0.611936343,6.6599998,0,0,0,0,0,0,0,0,0,0,0,0,1,0,0,0,13
1-Jul-88,7.98,49.53828542,0,14,21.26467189,4.87552,Ronald Reagan (2nd term),R,0.371945606,7.1599998,0,0,0,0,0,0,0,0,0,0,0,0,1,0,0,0,14
1-Oct-88,8.47,49.55601552,0,15,21.37500392,4.36976,Ronald Reagan (2nd term),R,0.950125307,7.98,0,0,0,0,0,0,0,0,0,0,0,0,1,0,0,0,15
1-Jan-89,9.44,50.07889554,0,0,21.33825489,4.54532,George H.W. Bush,R,1.136211118,8.4700003,0,0,0,1,0,0,0,0,0,0,0,0,0,0,0,0,0
1-Apr-89,9.73,50.25848884,0,1,21.33819043,6.46356,George H.W. Bush,R,1.127846425,9.4399996,0,0,0,1,0,0,0,0,0,0,0,0,0,0,0,0,1
1-Jul-89,9.08,50.60476211,0,2,21.37387052,3.1286,George H.W. Bush,R,1.166322103,9.7299995,0,0,0,1,0,0,0,0,0,0,0,0,0,0,0,0,2
1-Oct-89,8.61,51.19279154,0,3,21.45938982,4.0674,George H.W. Bush,R,0.63202361,9.0799999,0,0,0,1,0,0,0,0,0,0,0,0,0,0,0,0,3
1-Jan-90,8.25,51.73274944,0,4,21.5743347,6.88344,George H.W. Bush,R,0.93156558,8.6099997,0,0,0,1,0,0,0,0,0,0,0,0,0,0,0,0,4
1-Apr-90,8.24,52.6440235,0,5,21.61332543,3.95836,George H.W. Bush,R,0.592828347,8.25,0,0,0,1,0,0,0,0,0,0,0,0,0,0,0,0,5
1-Jul-90,8.16,53.73373189,0,6,21.60456483,6.90796,George H.W. Bush,R,-0.130408922,8.2399998,0,0,0,1,0,0,0,0,0,0,0,0,0,0,0,0,6
1-Oct-90,7.74,55.30877688,0,7,22.03755011,6.79372,George H.W. Bush,R,-1.70092653,8.1599998,0,0,0,1,0,0,0,0,0,0,0,0,0,0,0,0,7
1-Jan-91,6.43,57.22308016,0,8,21.2714584,2.99028,George H.W. Bush,R,-2.845362337,7.7399998,0,0,0,1,0,0,0,0,0,0,0,0,0,0,0,0,8
1-Apr-91,5.86,58.120793,0,9,22.01760567,2.37448,George H.W. Bush,R,-2.839117715,6.4299998,0,0,0,1,0,0,0,0,0,0,0,0,0,0,0,0,9
1-Jul-91,5.64,58.63712732,0,10,22.29312252,3.04792,George H.W. Bush,R,-3.065258029,5.8600001,0,0,0,1,0,0,0,0,0,0,0,0,0,0,0,0,10
1-Oct-91,4.82,60.16057509,0,11,22.53249935,3.31772,George H.W. Bush,R,-3.309135791,5.6399999,0,0,0,1,0,0,0,0,0,0,0,0,0,0,0,0,11
1-Jan-92,4.02,61.40949502,0,12,22.9536624,2.71248,George H.W. Bush,R,-2.869335365,4.8200002,0,0,0,1,0,0,0,0,0,0,0,0,0,0,0,0,12
1-Apr-92,3.77,61.6549364,0,13,22.89530172,3.075,George H.W. Bush,R,-2.459785618,4.02,0,0,0,1,0,0,0,0,0,0,0,0,0,0,0,0,13
1-Jul-92,3.26,62.36058522,0,14,22.84456833,3.0544,George H.W. Bush,R,-2.082395815,3.77,0,0,0,1,0,0,0,0,0,0,0,0,0,0,0,0,14
1-Oct-92,3.04,62.59384106,0,15,22.79151851,3.50284,George H.W. Bush,R,-1.688749766,3.26,0,0,0,1,0,0,0,0,0,0,0,0,0,0,0,0,15
1-Jan-93,3.04,63.82519499,1,0,22.68028078,2.912,William J. Clinton,D,-2.153780996,3.04,0,0,0,0,0,0,0,0,0,0,0,0,0,1,0,0,0
1-Apr-93,3,63.87970871,1,1,22.55867631,2.88816,William J. Clinton,D,-2.18380802,3.04,0,0,0,0,0,0,0,0,0,0,0,0,0,1,0,1,0
1-Jul-93,3.06,65.06807131,1,2,22.55130963,1.85148,William J. Clinton,D,-2.335313849,3,0,0,0,0,0,0,0,0,0,0,0,0,0,1,0,2,0
1-Oct-93,2.99,64.74347881,1,3,22.46324737,3.31568,William J. Clinton,D,-1.725098062,3.0599999,0,0,0,0,0,0,0,0,0,0,0,0,0,1,0,3,0
1-Jan-94,3.21,65.57917979,1,4,21.87569359,2.00868,William J. Clinton,D,-1.457389635,2.99,0,0,0,0,0,0,0,0,0,0,0,0,0,1,0,4,0
1-Apr-94,3.94,64.95836031,1,5,21.66429014,2.27132,William J. Clinton,D,-0.811652858,3.21,0,0,0,0,0,0,0,0,0,0,0,0,0,1,0,5,0
1-Jul-94,4.49,65.14205667,1,6,21.77149853,3.70628,William J. Clinton,D,-0.880635394,3.9400001,0,0,0,0,0,0,0,0,0,0,0,0,0,1,0,6,0
1-Oct-94,5.17,64.74374872,1,7,21.77371141,2.32908,William J. Clinton,D,-0.499756863,4.4899998,0,0,0,0,0,0,0,0,0,0,0,0,0,1,0,7,0
1-Jan-95,5.81,65.68647772,1,8,21.90028206,2.93788,William J. Clinton,D,-0.976849566,5.1700001,0,0,0,0,0,0,0,0,0,0,0,0,0,1,0,8,0
1-Apr-95,6.02,66.12583988,1,9,21.93357027,3.26912,William J. Clinton,D,-1.491374052,5.8099999,0,0,0,0,0,0,0,0,0,0,0,0,0,1,0,9,0
1-Jul-95,5.8,66.43897699,1,10,21.79533881,2.01708,William J. Clinton,D,-1.398010811,6.02,0,0,0,0,0,0,0,0,0,0,0,0,0,1,0,10,0
1-Oct-95,5.72,65.94532834,1,11,21.45020333,2.17968,William J. Clinton,D,-1.453104714,5.8000002,0,0,0,0,0,0,0,0,0,0,0,0,0,1,0,11,0
1-Jan-96,5.36,65.31224416,1,12,21.75911788,3.55756,William J. Clinton,D,-1.527186761,5.7199998,0,0,0,0,0,0,0,0,0,0,0,0,0,1,0,12,0
1-Apr-96,5.24,65.61305122,1,13,21.42833909,3.43852,William J. Clinton,D,-0.587026821,5.3600001,0,0,0,0,0,0,0,0,0,0,0,0,0,1,0,13,0
1-Jul-96,5.31,65.3900472,1,14,21.18525244,2.3018,William J. Clinton,D,-0.493094517,5.2399998,0,0,0,0,0,0,0,0,0,0,0,0,0,1,0,14,0
1-Oct-96,5.28,65.12339598,1,15,21.10448284,3.47616,William J. Clinton,D,-0.188770732,5.3099999,0,0,0,0,0,0,0,0,0,0,0,0,0,1,0,15,0
1-Jan-97,5.28,65.41982644,1,0,20.86779561,2.43528,William J. Clinton (2nd term),D,-0.212299211,5.2800002,0,0,0,0,0,0,0,0,0,0,0,0,0,0,1,0,0
1-Apr-97,5.52,65.01165151,1,1,20.6867172,0.9196,William J. Clinton (2nd term),D,0.458288956,5.2800002,0,0,0,0,0,0,0,0,0,0,0,0,0,0,1,1,0
1-Jul-97,5.53,63.92650091,1,2,20.36886539,2,William J. Clinton (2nd term),D,0.894622433,5.52,0,0,0,0,0,0,0,0,0,0,0,0,0,0,1,2,0
1-Oct-97,5.51,63.64108438,1,3,20.47910862,2.15672,William J. Clinton (2nd term),D,0.832886704,5.5300002,0,0,0,0,0,0,0,0,0,0,0,0,0,0,1,3,0
1-Jan-98,5.52,63.97723469,1,4,20.0696688,0.82392,William J. Clinton (2nd term),D,0.934325018,5.5100002,0,0,0,0,0,0,0,0,0,0,0,0,0,0,1,4,0
1-Apr-98,5.5,63.71575259,1,5,19.99729931,1.31604,William J. Clinton (2nd term),D,0.978426031,5.52,0,0,0,0,0,0,0,0,0,0,0,0,0,0,1,5,0
1-Jul-98,5.53,62.70818819,1,6,19.70561214,2.05252,William J. Clinton (2nd term),D,1.434658784,5.5,0,0,0,0,0,0,0,0,0,0,0,0,0,0,1,6,0
1-Oct-98,4.86,61.21524759,1,7,19.58575809,1.87552,William J. Clinton (2nd term),D,2.300341729,5.5300002,0,0,0,0,0,0,0,0,0,0,0,0,0,0,1,7,0
1-Jan-99,4.73,61.36691574,1,8,19.382189,1.46224,William J. Clinton (2nd term),D,2.31810636,4.8600001,0,0,0,0,0,0,0,0,0,0,0,0,0,0,1,8,0
1-Apr-99,4.75,61.08137096,1,9,19.19784685,2.99636,William J. Clinton (2nd term),D,2.22405182,4.73,0,0,0,0,0,0,0,0,0,0,0,0,0,0,1,9,0
1-Jul-99,5.09,59.95447974,1,10,19.13748507,2.97168,William J. Clinton (2nd term),D,2.620679844,4.75,0,0,0,0,0,0,0,0,0,0,0,0,0,0,1,10,0
1-Oct-99,5.31,58.87206222,1,11,19.10127867,2.94976,William J. Clinton (2nd term),D,3.54467341,5.0900002,0,0,0,0,0,0,0,0,0,0,0,0,0,0,1,11,0
1-Jan-00,5.68,59.48915314,1,12,18.82385946,3.95884,William J. Clinton (2nd term),D,2.89253303,5.3099999,0,0,0,0,0,0,0,0,0,0,0,0,0,0,1,12,0
1-Apr-00,6.27,58.02931358,1,13,18.81779046,3.13464,William J. Clinton (2nd term),D,3.951378053,5.6799998,0,0,0,0,0,0,0,0,0,0,0,0,0,0,1,13,0
1-Jul-00,6.52,56.7602097,1,14,18.79615973,3.65624,William J. Clinton (2nd term),D,3.09213259,6.27,0,0,0,0,0,0,0,0,0,0,0,0,0,0,1,14,0
1-Oct-00,6.47,56.01474484,1,15,18.80590812,2.85088,William J. Clinton (2nd term),D,2.761051677,6.52,0,0,0,0,0,0,0,0,0,0,0,0,0,0,1,15,0
1-Jan-01,5.59,55.70261294,0,0,19.10953691,3.82704,George W. Bush,R,1.495602253,6.4699998,0,0,0,0,1,0,0,0,0,0,0,0,0,0,0,0,0
1-Apr-01,4.33,56.04910957,0,1,19.10454015,2.80388,George W. Bush,R,1.258702215,5.5900002,0,0,0,0,1,0,0,0,0,0,0,0,0,0,0,0,1
1-Jul-01,3.5,55.57219899,0,2,19.4009231,1.12908,George W. Bush,R,0.107477997,4.3299999,0,0,0,0,1,0,0,0,0,0,0,0,0,0,0,0,2
1-Oct-01,2.13,55.9858069,0,3,19.37029344,-0.29948,George W. Bush,R,-0.384033613,3.5,0,0,0,0,1,0,0,0,0,0,0,0,0,0,0,0,3
1-Jan-02,1.73,56.61123805,0,4,19.6729286,1.27776,George W. Bush,R,-0.340641307,2.1300001,0,0,0,0,1,0,0,0,0,0,0,0,0,0,0,0,4
1-Apr-02,1.75,56.65032579,0,5,19.88410182,3.14488,George W. Bush,R,-0.602393033,1.73,0,0,0,0,1,0,0,0,0,0,0,0,0,0,0,0,5
1-Jul-02,1.74,57.24789456,0,6,19.79881707,2.15304,George W. Bush,R,-0.869115497,1.75,0,0,0,0,1,0,0,0,0,0,0,0,0,0,0,0,6
1-Oct-02,1.44,57.84583685,0,7,20.02608659,2.36544,George W. Bush,R,-1.582276225,1.74,0,0,0,0,1,0,0,0,0,0,0,0,0,0,0,0,7
1-Jan-03,1.25,58.83069824,0,8,20.08472351,4.1146,George W. Bush,R,-1.895247161,1.4400001,0,0,0,0,1,0,0,0,0,0,0,0,0,0,0,0,8
1-Apr-03,1.25,58.69116825,0,9,20.69205666,-0.65444,George W. Bush,R,-1.796091489,1.25,0,0,0,0,1,0,0,0,0,0,0,0,0,0,0,0,9
1-Jul-03,1.02,59.26037565,0,10,20.2458912,2.98468,George W. Bush,R,-0.813068734,1.25,0,0,0,0,1,0,0,0,0,0,0,0,0,0,0,0,10
1-Oct-03,1,59.41696468,0,11,20.16735455,1.51816,George W. Bush,R,-0.558878659,1.02,0,0,0,0,1,0,0,0,0,0,0,0,0,0,0,0,11
1-Jan-04,1,60.34204525,0,12,20.29462251,3.38568,George W. Bush,R,-0.469248572,1,0,0,0,0,1,0,0,0,0,0,0,0,0,0,0,0,12
1-Apr-04,1.01,60.54362895,0,13,20.15045277,3.143,George W. Bush,R,-0.353117785,1,0,0,0,0,1,0,0,0,0,0,0,0,0,0,0,0,13
1-Jul-04,1.43,60.87032198,0,14,20.13130006,2.55092,George W. Bush,R,-0.19927645,1.01,0,0,0,0,1,0,0,0,0,0,0,0,0,0,0,0,14
1-Oct-04,1.95,60.75819906,0,15,20.09724178,4.29432,George W. Bush,R,0.095834946,1.4299999,0,0,0,0,1,0,0,0,0,0,0,0,0,0,0,0,15
1-Jan-05,2.47,61.36094803,0,0,20.35309823,2.02088,George W. Bush (2nd term),R,0.521392883,1.95,0,0,0,0,0,1,0,0,0,0,0,0,0,0,0,0,0
1-Apr-05,2.94,62.13204107,0,1,20.33587988,2.70316,George W. Bush (2nd term),R,0.379066986,2.47,0,0,0,0,0,1,0,0,0,0,0,0,0,0,0,0,1
1-Jul-05,3.46,61.50312569,0,2,20.34905706,6.05784,George W. Bush (2nd term),R,0.566561209,2.9400001,0,0,0,0,0,1,0,0,0,0,0,0,0,0,0,0,2
1-Oct-05,3.98,61.41969873,0,3,20.39862018,3.7294,George W. Bush (2nd term),R,0.505329297,3.46,0,0,0,0,0,1,0,0,0,0,0,0,0,0,0,0,3
1-Jan-06,4.46,61.97487916,0,4,20.33689711,2.08432,George W. Bush (2nd term),R,1.230811434,3.98,0,0,0,0,0,1,0,0,0,0,0,0,0,0,0,0,4
1-Apr-06,4.91,62.71545442,0,5,20.46174377,3.6096,George W. Bush (2nd term),R,0.991507729,4.46,0,0,0,0,0,1,0,0,0,0,0,0,0,0,0,0,5
1-Jul-06,5.25,62.58897418,0,6,20.53755513,3.77608,George W. Bush (2nd term),R,0.409788585,4.9099998,0,0,0,0,0,1,0,0,0,0,0,0,0,0,0,0,6
1-Oct-06,5.25,62.49807131,0,7,20.11596239,-1.642,George W. Bush (2nd term),R,0.527851541,5.25,0,0,0,0,0,1,0,0,0,0,0,0,0,0,0,0,7
1-Jan-07,5.26,62.94823574,0,8,20.62734346,3.86492,George W. Bush (2nd term),R,0.129402405,5.25,0,0,0,0,0,1,0,0,0,0,0,0,0,0,0,0,8
1-Apr-07,5.25,63.175364,0,9,20.67376044,4.64832,George W. Bush (2nd term),R,0.312078521,5.2600002,0,0,0,0,0,1,0,0,0,0,0,0,0,0,0,0,9
1-Jul-07,5.07,62.63261891,0,10,20.60001693,2.4678,George W. Bush (2nd term),R,0.261132395,5.25,0,0,0,0,0,1,0,0,0,0,0,0,0,0,0,0,10
1-Oct-07,4.5,63.02886066,0,11,20.59152713,4.85532,George W. Bush (2nd term),R,0.370945088,5.0700002,0,0,0,0,0,1,0,0,0,0,0,0,0,0,0,0,11
1-Jan-08,3.18,64.41170477,0,12,21.058864,4.39988,George W. Bush (2nd term),R,-0.401889047,4.5,0,0,0,0,0,1,0,0,0,0,0,0,0,0,0,0,12
1-Apr-08,2.09,65.21343881,0,13,21.93291809,5.21864,George W. Bush (2nd term),R,-0.83254647,3.1800001,0,0,0,0,0,1,0,0,0,0,0,0,0,0,0,0,13
1-Jul-08,1.94,65.53036436,0,14,21.76611907,6.25372,George W. Bush (2nd term),R,-2.388651446,2.0899999,0,0,0,0,0,1,0,0,0,0,0,0,0,0,0,0,14
1-Oct-08,0.51,70.6406254,0,15,22.07641759,-9.44444,George W. Bush (2nd term),R,-4.597941248,1.9400001,0,0,0,0,0,1,0,0,0,0,0,0,0,0,0,0,15
1-Jan-09,0.18,76.15701382,1,0,22.96923162,-2.43644,Barack H. Obama,D,-6.257348859,0.50999999,1,0,0,0,0,0,0,0,0,0,0,0,0,0,0,0,0
1-Apr-09,0.18,79.28337935,1,1,25.13753187,1.9148,Barack H. Obama,D,-6.857275814,0.18000001,1,0,0,0,0,0,0,0,0,0,0,0,0,0,0,1,0
1-Jul-09,0.16,81.79594392,1,2,25.02988368,3.6558,Barack H. Obama,D,-6.898224227,0.18000001,1,0,0,0,0,0,0,0,0,0,0,0,0,0,0,2,0
1-Oct-09,0.12,83.41793202,1,3,24.80861312,2.66272,Barack H. Obama,D,-6.148990773,0.16,1,0,0,0,0,0,0,0,0,0,0,0,0,0,0,3,0
1-Jan-10,0.13,85.22082806,1,4,25.17649965,1.2746,Barack H. Obama,D,-5.667408567,0.12,1,0,0,0,0,0,0,0,0,0,0,0,0,0,0,4,0
1-Apr-10,0.19,87.61473053,1,5,25.38765505,-0.5038,Barack H. Obama,D,-5.655293226,0.13,1,0,0,0,0,0,0,0,0,0,0,0,0,0,0,5,0
1-Jul-10,0.19,89.53325405,1,6,25.50469728,1.41576,Barack H. Obama,D,-5.455331905,0.19,1,0,0,0,0,0,0,0,0,0,0,0,0,0,0,6,0
1-Oct-10,0.19,91.25597085,1,7,25.40730709,2.61604,Barack H. Obama,D,-5.242802875,0.19,1,0,0,0,0,0,0,0,0,0,0,0,0,0,0,7,0
