ID,year,host,country,temp,precipitation,elevation,gold,silver,bronze,population,GDP,participate,medals,athletes,time
1,1980,0,Albania ,53.6,143,2764,0,0,0,2.734776,,0,0,0,1
1,1984,0,Albania ,53.6,143,2764,0,0,0,3.001325,.0641,0,0,0,2
1,1988,0,Albania ,53.6,143,2764,0,0,0,3.336434,.0637,0,0,0,3
1,1992,0,Albania ,53.6,143,2764,0,0,0,3.446858,.0206,0,0,0,4
1,1994,0,Albania ,53.6,143,2764,0,0,0,3.384367,.0587,0,0,0,5
1,1998,0,Albania ,53.6,143,2764,0,0,0,3.325456,.1363,0,0,0,6
1,2002,0,Albania ,53.6,143,2764,0,0,0,3.263596,.1363,0,0,0,7
1,2006,0,Albania ,53.6,143,2764,0,0,0,3.179573,.2872,1,0,1,8
1,2010,0,Albania ,53.6,143,2764,0,0,0,3.150143,.3764,1,0,1,9
1,2014,0,Albania ,53.6,143,2764,0,0,0,3.162083,.2872,1,0,2,10
2,1980,0,Algeria ,62.1,81.40000000000001,3003,0,0,0,19.475204,.2174,0,0,0,1
2,1984,0,Algeria ,62.1,81.40000000000001,3003,0,0,0,22.150483,.2424,0,0,0,2
2,1988,0,Algeria ,62.1,81.40000000000001,3003,0,0,0,24.904931,.2373,0,0,0,3
2,1992,0,Algeria ,62.1,81.40000000000001,3003,0,0,0,27.535151,.1743,1,0,4,4
2,1994,0,Algeria ,62.1,81.40000000000001,3003,0,0,0,28.752749,.148,0,0,0,5
2,1998,0,Algeria ,62.1,81.40000000000001,3003,0,0,0,30.820435,.1564,0,0,0,6
2,2002,0,Algeria ,62.1,81.40000000000001,3003,0,0,0,32.572977,.1743,0,0,0,7
2,2006,0,Algeria ,62.1,81.40000000000001,3003,0,0,0,34.507214,.3391,1,0,2,8
2,2010,0,Algeria ,62.1,81.40000000000001,3003,0,0,0,37.06282,.435,1,0,1,9
2,2014,0,Algeria ,62.1,81.40000000000001,3003,0,0,0,38.481705,.3391,0,0,0,10
3,1980,0,American Samoa,84.2,164.1,964,0,0,0,.032456,,0,0,0,1
3,1984,0,American Samoa,84.2,164.1,964,0,0,0,.037687,,0,0,0,2
3,1988,0,American Samoa,84.2,164.1,964,0,0,0,.044049,,0,0,0,3
3,1992,0,American Samoa,84.2,164.1,964,0,0,0,.049597,,0,0,0,4
3,1994,0,American Samoa,84.2,164.1,964,0,0,0,.051807,,1,0,2,5
3,1998,0,American Samoa,84.2,164.1,964,0,0,0,.055899,,0,0,0,6
3,2002,0,American Samoa,84.2,164.1,964,0,0,0,.058729,,0,0,0,7
3,2006,0,American Samoa,84.2,164.1,964,0,0,0,.058652,,0,0,0,8
3,2010,0,American Samoa,84.2,164.1,964,0,0,0,.055636,,0,0,0,9
3,2014,0,American Samoa,84.2,164.1,964,0,0,0,.055128,,0,0,0,10
4,1980,0,Andorra ,42.3,51,2946,0,0,0,.036063,1.2378,1,0,3,1
4,1984,0,Andorra ,42.3,51,2946,0,0,0,.042704,.7729,1,0,2,2
4,1988,0,Andorra ,42.3,51,2946,0,0,0,.050431,1.4305,1,0,4,3
4,1992,0,Andorra ,42.3,51,2946,0,0,0,.058904,2.0542,1,0,5,4
4,1994,0,Andorra ,42.3,51,2946,0,0,0,.062707,1.6227,1,0,6,5
4,1998,0,Andorra ,42.3,51,2946,0,0,0,.063799,1.8996,1,0,3,6
4,2002,0,Andorra ,42.3,51,2946,0,0,0,.071639,2.0327,1,0,3,7
4,2006,0,Andorra ,42.3,51,2946,0,0,0,.081877,3.4485,1,0,3,8
4,2010,0,Andorra ,42.3,51,2946,0,0,0,.077907,,1,0,6,9
4,2014,0,Andorra ,42.3,51,2946,0,0,0,.07836,3.4485,1,0,6,10
5,1980,0,Argentina ,57,52.9,6960,0,0,0,28.120135,.2737,1,0,12,1
5,1984,0,Argentina ,57,52.9,6960,0,0,0,29.886564,.2646,1,0,18,2
5,1988,0,Argentina ,57,52.9,6960,0,0,0,31.713147,.398,1,0,16,3
5,1992,0,Argentina ,57,52.9,6960,0,0,0,33.520803,.6825,1,0,20,4
5,1994,0,Argentina ,57,52.9,6960,0,0,0,34.399343,.7484,1,0,10,5
5,1998,0,Argentina ,57,52.9,6960,0,0,0,36.109342,.8279,1,0,2,6
5,2002,0,Argentina ,57,52.9,6960,0,0,0,37.627545,.2712,1,0,11,7
5,2006,0,Argentina ,57,52.9,6960,0,0,0,38.988923,.549,1,0,9,8
5,2010,0,Argentina ,57,52.9,6960,0,0,0,40.374224,.9133,1,0,7,9
5,2014,0,Argentina ,57,52.9,6960,0,0,0,41.086927,.549,1,0,7,10
6,1980,0,Armenia ,33.1,22,4090,0,0,0,3.096298,,0,0,0,1
6,1984,0,Armenia ,33.1,22,4090,0,0,0,3.287588,,0,0,0,2
6,1988,0,Armenia ,33.1,22,4090,0,0,0,3.510439,,0,0,0,3
6,1992,0,Armenia ,33.1,22,4090,0,0,0,3.449497,.0369,0,0,0,4
6,1994,0,Armenia ,33.1,22,4090,0,0,0,3.289943,.04,1,0,2,5
6,1998,0,Armenia ,33.1,22,4090,0,0,0,3.112958,.0608,1,0,7,6
6,2002,0,Armenia ,33.1,22,4090,0,0,0,3.047002,.078,1,0,9,7
6,2006,0,Armenia ,33.1,22,4090,0,0,0,3.002911,.2126,1,0,5,8
6,2010,0,Armenia ,33.1,22,4090,0,0,0,2.963496,.3125,1,0,4,9
6,2014,0,Armenia ,33.1,22,4090,0,0,0,2.969081,.2126,1,0,4,10
7,1980,0,Australia ,61.3,97.90000000000001,2229,0,0,0,14.692,1.0207,1,0,9,1
7,1984,0,Australia ,61.3,97.90000000000001,2229,0,0,0,15.544,1.2455,1,0,10,2
7,1988,0,Australia ,61.3,97.90000000000001,2229,0,0,0,16.5322,1.4331,1,0,24,3
7,1992,0,Australia ,61.3,97.90000000000001,2229,0,0,0,17.495,1.8599,1,0,21,4
7,1994,0,Australia ,61.3,97.90000000000001,2229,0,0,1,17.855,1.8081,1,1,25,5
7,1998,0,Australia ,61.3,97.90000000000001,2229,0,0,1,18.711,2.1352,1,1,23,6
7,2002,0,Australia ,61.3,97.90000000000001,2229,2,0,0,19.6514,2.0072,1,2,27,7
7,2006,0,Australia ,61.3,97.90000000000001,2229,1,0,1,20.6979,3.6113,1,2,40,8
7,2010,0,Australia ,61.3,97.90000000000001,2229,2,1,0,22.0318,5.1825,1,3,40,9
7,2014,0,Australia ,61.3,97.90000000000001,2229,0,2,1,22.722,3.6113,1,3,60,10
8,1980,0,Austria ,36,37.2,3798,3,2,2,7.549433,1.0758,1,7,43,1
8,1984,0,Austria ,36,37.2,3798,0,0,1,7.561434,.8899,1,1,65,2
8,1988,0,Austria ,36,37.2,3798,3,5,2,7.585317,1.7398,1,10,93,3
8,1992,0,Austria ,36,37.2,3798,6,7,8,7.840709,2.4625,1,21,58,4
8,1994,0,Austria ,36,37.2,3798,2,3,4,7.936118,2.5383,1,9,80,5
8,1998,0,Austria ,36,37.2,3798,3,5,9,7.976789,2.6744,1,17,96,6
8,2002,0,Austria ,36,37.2,3798,3,4,10,8.081956999999999,2.5679,1,17,90,7
8,2006,0,Austria ,36,37.2,3798,9,7,7,8.268641000000001,3.93,1,23,85,8
8,2010,0,Austria ,36,37.2,3798,4,6,6,8.389771,4.5017,1,16,81,9
8,2014,0,Austria ,36,37.2,3798,4,8,5,8.429990999999999,3.93,1,17,132,10
9,1980,0,Azerbaijan ,43.9,21,4485,0,0,0,6.16399,,0,0,0,1
9,1984,0,Azerbaijan ,43.9,21,4485,0,0,0,6.568857,,0,0,0,2
9,1988,0,Azerbaijan ,43.9,21,4485,0,0,0,6.994139,,0,0,0,3
9,1992,0,Azerbaijan ,43.9,21,4485,0,0,0,7.382,.0676,0,0,0,4
9,1994,0,Azerbaijan ,43.9,21,4485,0,0,0,7.597,.0436,0,0,0,5
9,1998,0,Azerbaijan ,43.9,21,4485,0,0,0,7.913,.0562,1,0,4,6
9,2002,0,Azerbaijan ,43.9,21,4485,0,0,0,8.171950000000001,.0763,1,0,4,7
9,2006,0,Azerbaijan ,43.9,21,4485,0,0,0,8.484550000000001,.2473,1,0,2,8
9,2010,0,Azerbaijan ,43.9,21,4485,0,0,0,9.054332000000001,.5843,1,0,2,9
9,2014,0,Azerbaijan ,43.9,21,4485,0,0,0,9.295783999999999,.2473,1,0,4,10
10,1980,0,Belarus ,28.2,45,346,0,0,0,9.643000000000001,,0,0,0,1
10,1984,0,Belarus ,28.2,45,346,0,0,0,9.91,,0,0,0,2
10,1988,0,Belarus ,28.2,45,346,0,0,0,10.14,,0,0,0,3
10,1992,0,Belarus ,28.2,45,346,0,0,0,10.216,.1666,0,0,0,4
10,1994,0,Belarus ,28.2,45,346,0,2,0,10.227,.146,1,2,33,5
10,1998,0,Belarus ,28.2,45,346,0,0,2,10.069,.1512,1,2,59,6
10,2002,0,Belarus ,28.2,45,346,0,0,1,9.865,.1479,1,1,64,7
10,2006,0,Belarus ,28.2,45,346,0,1,0,9.603999999999999,.3849,1,1,28,8
10,2010,0,Belarus ,28.2,45,346,1,1,1,9.49,.5819,1,3,51,9
10,2014,0,Belarus ,28.2,45,346,5,0,1,9.464,.3849,1,6,26,10
11,1980,0,Belgium ,42.3,76.09999999999999,694,0,0,0,9.859242,1.2707,1,0,3,1
11,1984,0,Belgium ,42.3,76.09999999999999,694,0,0,0,9.855371999999999,.8354,1,0,4,2
11,1988,0,Belgium ,42.3,76.09999999999999,694,0,0,0,9.901664,1.6192,1,0,4,3
11,1992,0,Belgium ,42.3,76.09999999999999,694,0,0,0,10.045158,2.3088,1,0,5,4
11,1994,0,Belgium ,42.3,76.09999999999999,694,0,0,0,10.115603,2.3914,1,0,5,5
11,1998,0,Belgium ,42.3,76.09999999999999,694,0,0,1,10.203008,2.5051,1,1,1,6
11,2002,0,Belgium ,42.3,76.09999999999999,694,0,0,0,10.332785,2.4465,1,0,6,7
11,2006,0,Belgium ,42.3,76.09999999999999,694,0,0,0,10.547958,3.7919,1,0,4,8
11,2010,0,Belgium ,42.3,76.09999999999999,694,0,0,0,10.895586,4.3242,1,0,8,9
11,2014,0,Belgium ,42.3,76.09999999999999,694,0,0,0,11.128246,3.7919,1,0,7,10
12,1980,0,Bermuda ,68.7,128.5,76,0,0,0,.05467,1.1218,0,0,0,1
12,1984,0,Bermuda ,68.7,128.5,76,0,0,0,.056423,1.747,0,0,0,2
12,1988,0,Bermuda ,68.7,128.5,76,0,0,0,.058347,2.4253,0,0,0,3
12,1992,0,Bermuda ,68.7,128.5,76,0,0,0,.058595,2.867,1,0,1,4
12,1994,0,Bermuda ,68.7,128.5,76,0,0,0,.05932,3.1476,1,0,1,5
12,1998,0,Bermuda ,68.7,128.5,76,0,0,0,.060943,5.1372,1,0,1,6
12,2002,0,Bermuda ,68.7,128.5,76,0,0,0,.062912,6.2583,1,0,1,7
12,2006,0,Bermuda ,68.7,128.5,76,0,0,0,.064523,8.391299999999999,1,0,1,8
12,2010,0,Bermuda ,68.7,128.5,76,0,0,0,.065124,8.8207,1,0,1,9
12,2014,0,Bermuda ,68.7,128.5,76,0,0,0,.064806,8.391299999999999,1,0,1,10
13,1980,0,Bolivia,75,37,6542,0,0,0,5.368901,.0845,1,0,3,1
13,1984,0,Bolivia,75,37,6542,0,0,0,5.900127,.1046,1,0,3,2
13,1988,0,Bolivia,75,37,6542,0,0,0,6.481463,.0709,1,0,7,3
13,1992,0,Bolivia,75,37,6542,0,0,0,7.123294,.0792,1,0,4,4
13,1994,0,Bolivia,75,37,6542,0,0,0,7.463773,.0801,0,0,0,5
13,1998,0,Bolivia,75,37,6542,0,0,0,8.150214,.1043,0,0,0,6
13,2002,0,Bolivia,75,37,6542,0,0,0,8.843349999999999,.0894,0,0,0,7
13,2006,0,Bolivia,75,37,6542,0,0,0,9.517395000000001,.1203,0,0,0,8
13,2010,0,Bolivia,75,37,6542,0,0,0,10.156601,.1935,0,0,0,9
13,2014,0,Bolivia,75,37,6542,0,0,0,10.496285,.1203,0,0,0,10
14,1980,0,Bosnia and Herzegovina ,38.7,68,2386,0,0,0,4.099903,,0,0,0,1
14,1984,0,Bosnia and Herzegovina ,38.7,68,2386,0,0,0,4.263393,,0,0,0,2
14,1988,0,Bosnia and Herzegovina ,38.7,68,2386,0,0,0,4.564265,,0,0,0,3
14,1992,0,Bosnia and Herzegovina ,38.7,68,2386,0,0,0,4.143068,,0,0,0,4
14,1994,0,Bosnia and Herzegovina ,38.7,68,2386,0,0,0,3.659409,.0343,1,0,10,5
14,1998,0,Bosnia and Herzegovina ,38.7,68,2386,0,0,0,3.640821,.1131,1,0,8,6
14,2002,0,Bosnia and Herzegovina ,38.7,68,2386,0,0,0,3.897579,.1707,1,0,2,7
14,2006,0,Bosnia and Herzegovina ,38.7,68,2386,0,0,0,3.875157,.32,1,0,6,8
14,2010,0,Bosnia and Herzegovina ,38.7,68,2386,0,0,0,3.845929,.4362,1,0,5,9
14,2014,0,Bosnia and Herzegovina ,38.7,68,2386,0,0,0,3.833916,.32,1,0,5,10
15,1980,0,Brazil ,71.2,40,2994,0,0,0,121.740438,.1931,0,0,0,1
15,1984,0,Brazil ,71.2,40,2994,0,0,0,133.364277,.1567,0,0,0,2
15,1988,0,Brazil ,71.2,40,2994,0,0,0,144.452622,.2287,0,0,0,3
15,1992,0,Brazil ,71.2,40,2994,0,0,0,154.597985,.2526,1,0,7,4
15,1994,0,Brazil ,71.2,40,2994,0,0,0,159.432909,.3426,1,0,1,5
15,1998,0,Brazil ,71.2,40,2994,0,0,0,169.472347,.4979,1,0,1,6
15,2002,0,Brazil ,71.2,40,2994,0,0,0,179.393768,.2811,1,0,10,7
15,2006,0,Brazil ,71.2,40,2994,0,0,0,188.134315,.5788,1,0,10,8
15,2010,0,Brazil ,71.2,40,2994,0,0,0,195.210154,1.0978,1,0,5,9
15,2014,0,Brazil ,71.2,40,2994,0,0,0,198.656019,.5788,1,0,13,10
16,1980,0,British Virgin Islands,79,74.2,521,0,0,0,121.740438,.1931,0,0,0,1
16,1984,0,British Virgin Islands,79,74.2,521,0,0,0,,.1567,1,0,1,2
16,1988,0,British Virgin Islands,79,74.2,521,0,0,0,144.452622,.2287,0,0,0,3
16,1992,0,British Virgin Islands,79,74.2,521,0,0,0,154.597985,.2526,0,0,0,4
16,1994,0,British Virgin Islands,79,74.2,521,0,0,0,159.432909,.3426,0,0,0,5
16,1998,0,British Virgin Islands,79,74.2,521,0,0,0,169.472347,.4979,0,0,0,6
16,2002,0,British Virgin Islands,79,74.2,521,0,0,0,179.393768,.2811,0,0,0,7
16,2006,0,British Virgin Islands,79,74.2,521,0,0,0,188.134315,.5788,0,0,0,8
16,2010,0,British Virgin Islands,79,74.2,521,0,0,0,195.210154,1.0978,0,0,0,9
16,2014,0,British Virgin Islands,79,74.2,521,0,0,0,,,1,0,1,10
17,1980,0,Bulgaria ,39.2,31,2925,0,0,1,8.861535,.2261,1,1,8,1
17,1984,0,Bulgaria ,39.2,31,2925,0,0,0,8.960679000000001,.1943,1,0,16,2
17,1988,0,Bulgaria ,39.2,31,2925,0,0,0,8.981446,.2561,1,0,31,3
17,1992,0,Bulgaria ,39.2,31,2925,0,0,0,8.540164000000001,.1214,1,0,31,4
17,1994,0,Bulgaria ,39.2,31,2925,0,0,0,8.443591,.1149,1,0,17,5
17,1998,0,Bulgaria ,39.2,31,2925,1,0,0,8.256786,.1582,1,1,19,6
17,2002,0,Bulgaria ,39.2,31,2925,0,1,2,7.868468,.2031,1,3,23,7
17,2006,0,Bulgaria ,39.2,31,2925,0,1,0,7.69902,.4313,1,1,21,8
17,2010,0,Bulgaria ,39.2,31,2925,0,0,0,7.395599,.6453,1,0,19,9
17,2014,0,Bulgaria ,39.2,31,2925,0,0,0,7.305888,.4313,1,0,18,10
18,1980,0,Cameroon,79.7,74.2,4095,0,0,0,8.932121,.0755,0,0,0,1
18,1984,0,Cameroon,79.7,74.2,4095,0,0,0,10.070779,.0775,0,0,0,2
18,1988,0,Cameroon,79.7,74.2,4095,0,0,0,11.370394,.1099,0,0,0,3
18,1992,0,Cameroon,79.7,74.2,4095,0,0,0,12.796831,.0891,0,0,0,4
18,1994,0,Cameroon,79.7,74.2,4095,0,0,0,13.546948,.0681,0,0,0,5
18,1998,0,Cameroon,79.7,74.2,4095,0,0,0,15.107909,.0637,0,0,0,6
18,2002,0,Cameroon,79.7,74.2,4095,0,0,0,16.782044,.0648,1,0,1,7
18,2006,0,Cameroon,79.7,74.2,4095,0,0,0,18.611937,.0965,0,0,0,8
18,2010,0,Cameroon,79.7,74.2,4095,0,0,0,20.624343,.1091,0,0,0,9
18,2014,0,Cameroon,79.7,74.2,4095,0,0,0,21.699631,.0965,0,0,0,10
19,1980,0,Canada ,30.7,61.5,5959,0,1,1,24.593,1.0934,1,2,58,1
19,1984,0,Canada ,30.7,61.5,5959,2,1,1,25.702,1.3506,1,4,67,2
19,1988,1,Canada ,30.7,61.5,5959,0,2,3,26.895,1.8523,1,5,147,3
19,1992,0,Canada ,30.7,61.5,5959,2,3,2,28.519597,2.032,1,7,109,4
19,1994,0,Canada ,30.7,61.5,5959,3,6,4,29.111906,1.939,1,13,95,5
19,1998,0,Canada ,30.7,61.5,5959,6,5,4,30.2479,2.039,1,15,144,6
19,2002,0,Canada ,30.7,61.5,5959,7,3,7,31.362,2.3425,1,17,150,7
19,2006,0,Canada ,30.7,61.5,5959,7,10,7,32.570505,3.9257,1,24,196,8
19,2010,1,Canada ,30.7,61.5,5959,14,7,5,34.005274,4.6376,1,26,206,9
19,2014,0,Canada ,30.7,61.5,5959,10,10,5,34.754312,3.9257,1,25,222,10
20,1980,0,Cayman Islands ,79,71,43,0,0,0,.016164,,0,0,0,1
20,1984,0,Cayman Islands ,79,71,43,0,0,0,.018543,,0,0,0,2
20,1988,0,Cayman Islands ,79,71,43,0,0,0,.022539,,0,0,0,3
20,1992,0,Cayman Islands ,79,71,43,0,0,0,.027402,,0,0,0,4
20,1994,0,Cayman Islands ,79,71,43,0,0,0,.030055,,0,0,0,5
20,1998,0,Cayman Islands ,79,71,43,0,0,0,.037742,,0,0,0,6
20,2002,0,Cayman Islands ,79,71,43,0,0,0,.044742,,0,0,0,7
20,2006,0,Cayman Islands ,79,71,43,0,0,0,.050026,,0,0,0,8
20,2010,0,Cayman Islands ,79,71,43,0,0,0,.055509,,1,0,1,9
20,2014,0,Cayman Islands ,79,71,43,0,0,0,.05757,,1,0,1,10
21,1980,0,Chile ,57.7,69.3,6880,0,0,0,11.192384,.2463,0,0,0,1
21,1984,0,Chile ,57.7,69.3,6880,0,0,0,11.926647,.1613,1,0,4,2
21,1988,0,Chile ,57.7,69.3,6880,0,0,0,12.757095,.1932,1,0,6,3
21,1992,0,Chile ,57.7,69.3,6880,0,0,0,13.706485,.3244,1,0,5,4
21,1994,0,Chile ,57.7,69.3,6880,0,0,0,14.204726,.3883,1,0,3,5
21,1998,0,Chile ,57.7,69.3,6880,0,0,0,15.072409,.5266,1,0,3,6
21,2002,0,Chile ,57.7,69.3,6880,0,0,0,15.819522,.4487,1,0,6,7
21,2006,0,Chile ,57.7,69.3,6880,0,0,0,16.50453,.9371,1,0,9,8
21,2010,0,Chile ,57.7,69.3,6880,0,0,0,17.15076,1.2685,1,0,3,9
21,2014,0,Chile ,57.7,69.3,6880,0,0,0,17.464814,.9371,1,0,6,10
22,1980,0,China ,35.2,2.7,8850,0,0,0,981.235,.0193,1,0,24,1
22,1984,0,China ,35.2,2.7,8850,0,0,0,1036.825,.0248,1,0,37,2
22,1988,0,China ,35.2,2.7,8850,0,0,0,1101.63,.0281,1,0,20,3
22,1992,0,China ,35.2,2.7,8850,0,3,0,1164.97,.0363,1,3,32,4
22,1994,0,China ,35.2,2.7,8850,0,1,2,1191.835,.0469,1,3,24,5
22,1998,0,China ,35.2,2.7,8850,0,6,2,1241.935,.0821,1,8,55,6
22,2002,0,China ,35.2,2.7,8850,2,2,4,1280.4,.1135,1,8,66,7
22,2006,0,China ,35.2,2.7,8850,2,4,5,1311.02,.2069,1,11,76,8
22,2010,0,China ,35.2,2.7,8850,5,2,4,1337.705,.4433,1,11,90,9
22,2014,0,China ,35.2,2.7,8850,3,4,2,1350.695,.2069,1,9,66,10
23,1980,0,Chinese Taipei ,66.40000000000001,83.2,3952,0,0,0,981.235,.0193,0,0,0,1
23,1984,0,Chinese Taipei ,66.40000000000001,83.2,3952,0,0,0,,.0248,1,0,12,2
23,1988,0,Chinese Taipei ,66.40000000000001,83.2,3952,0,0,0,1101.63,.0281,1,0,13,3
23,1992,0,Chinese Taipei ,66.40000000000001,83.2,3952,0,0,0,1164.97,.0363,1,0,8,4
23,1994,0,Chinese Taipei ,66.40000000000001,83.2,3952,0,0,0,1191.835,.0469,1,0,2,5
23,1998,0,Chinese Taipei ,66.40000000000001,83.2,3952,0,0,0,1241.935,.0821,1,0,7,6
23,2002,0,Chinese Taipei ,66.40000000000001,83.2,3952,0,0,0,1280.4,.1135,1,0,6,7
23,2006,0,Chinese Taipei ,66.40000000000001,83.2,3952,0,0,0,1311.02,.2069,1,0,1,8
23,2010,0,Chinese Taipei ,66.40000000000001,83.2,3952,0,0,0,1337.705,.4433,1,0,1,9
23,2014,0,Chinese Taipei ,66.40000000000001,83.2,3952,0,0,0,,,1,0,3,10
24,1980,0,Colombia ,65.5,35,5775,0,0,0,26.934591,.124,0,0,0,1
24,1984,0,Colombia ,65.5,35,5775,0,0,0,29.43803,.1299,0,0,0,2
24,1988,0,Colombia ,65.5,35,5775,0,0,0,32.009024,.1225,0,0,0,3
24,1992,0,Colombia ,65.5,35,5775,0,0,0,34.608171,.1424,0,0,0,4
24,1994,0,Colombia ,65.5,35,5775,0,0,0,35.915434,.2275,0,0,0,5
24,1998,0,Colombia ,65.5,35,5775,0,0,0,38.568056,.2552,0,0,0,6
24,2002,0,Colombia ,65.5,35,5775,0,0,0,41.216304,.2376,0,0,0,7
24,2006,0,Colombia ,65.5,35,5775,0,0,0,43.84137,.3713,0,0,0,8
24,2010,0,Colombia ,65.5,35,5775,0,0,0,46.444798,.6179,1,0,1,9
24,2014,0,Colombia ,65.5,35,5775,0,0,0,47.704427,.3713,0,0,0,10
25,1980,0,Costa Rica,78.59999999999999,33.5,3810,0,0,0,2.348427,.2057,1,0,3,1
25,1984,0,Costa Rica,78.59999999999999,33.5,3810,0,0,0,2.625561,.175,1,0,4,2
25,1988,0,Costa Rica,78.59999999999999,33.5,3810,0,0,0,2.924348,.2074,1,0,2,3
25,1992,0,Costa Rica,78.59999999999999,33.5,3810,0,0,0,3.233568,.2651,1,0,4,4
25,1994,0,Costa Rica,78.59999999999999,33.5,3810,0,0,0,3.393575,.3111,0,0,0,5
25,1998,0,Costa Rica,78.59999999999999,33.5,3810,0,0,0,3.750585,.376,0,0,0,6
25,2002,0,Costa Rica,78.59999999999999,33.5,3810,0,0,0,4.09384,.4115,1,0,1,7
25,2006,0,Costa Rica,78.59999999999999,33.5,3810,0,0,0,4.392493,.5128,1,0,1,8
25,2010,0,Costa Rica,78.59999999999999,33.5,3810,0,0,0,4.669685,.7773,0,0,0,9
25,2014,0,Costa Rica,78.59999999999999,33.5,3810,0,0,0,4.805295,.5128,0,0,0,10
26,1980,0,Croatia ,37.6,48.6,1831,0,0,0,4.588,,0,0,0,1
26,1984,0,Croatia ,37.6,48.6,1831,0,0,0,4.68,,0,0,0,2
26,1988,0,Croatia ,37.6,48.6,1831,0,0,0,4.757,,0,0,0,3
26,1992,0,Croatia ,37.6,48.6,1831,0,0,0,4.47,.23,1,0,4,4
26,1994,0,Croatia ,37.6,48.6,1831,0,0,0,4.65,.3135,1,0,3,5
26,1998,0,Croatia ,37.6,48.6,1831,0,0,0,4.501,.5578,1,0,6,6
26,2002,0,Croatia ,37.6,48.6,1831,3,1,0,4.44,.5974,1,4,14,7
26,2006,0,Croatia ,37.6,48.6,1831,1,2,0,4.44,1.1229,1,3,24,8
26,2010,0,Croatia ,37.6,48.6,1831,0,2,1,4.4178,1.3327,1,3,19,9
26,2014,0,Croatia ,37.6,48.6,1831,0,1,0,4.2676,1.1229,1,1,11,10
27,1980,0,Cyprus ,59.9,54.7,1951,0,0,0,.685406,.4232,1,0,3,1
27,1984,0,Cyprus ,59.9,54.7,1951,0,0,0,.697717,.4259,1,0,5,2
27,1988,0,Cyprus ,59.9,54.7,1951,0,0,0,.7364770000000001,.7646,1,0,3,3
27,1992,0,Cyprus ,59.9,54.7,1951,0,0,0,.80066,1.131,1,0,4,4
27,1994,0,Cyprus ,59.9,54.7,1951,0,0,0,.837166,1.1618,1,0,1,5
27,1998,0,Cyprus ,59.9,54.7,1951,0,0,0,.90804,1.4069,1,0,1,6
27,2002,0,Cyprus ,59.9,54.7,1951,0,0,0,.979877,1.4862,1,0,1,7
27,2006,0,Cyprus ,59.9,54.7,1951,0,0,0,1.048314,2.3864,1,0,1,8
27,2010,0,Cyprus ,59.9,54.7,1951,0,0,0,1.103685,2.7889,1,0,2,9
27,2014,0,Cyprus ,59.9,54.7,1951,0,0,0,1.128994,2.3864,1,0,2,10
28,1980,0,Czech Republic ,32.7,23.5,1602,0,0,0,10.304193,,0,0,0,1
28,1984,0,Czech Republic ,32.7,23.5,1602,0,0,0,10.330213,,0,0,0,2
28,1988,0,Czech Republic ,32.7,23.5,1602,0,0,0,10.355276,,0,0,0,3
28,1992,0,Czech Republic ,32.7,23.5,1602,0,0,,10.319123,.3241,0,0,0,4
28,1994,0,Czech Republic ,32.7,23.5,1602,0,0,0,10.333587,.4449,1,0,63,5
28,1998,0,Czech Republic ,32.7,23.5,1602,1,1,1,10.294373,.6204,1,3,60,6
28,2002,0,Czech Republic ,32.7,23.5,1602,1,2,0,10.196916,.7691,1,3,76,7
28,2006,0,Czech Republic ,32.7,23.5,1602,1,2,1,10.238905,1.4488,1,4,85,8
28,2010,0,Czech Republic ,32.7,23.5,1602,2,0,4,10.47441,1.8949,1,6,92,9
28,2014,0,Czech Republic ,32.7,23.5,1602,2,4,2,10.510785,1.4488,1,8,85,10
29,1980,0,Czechoslovakia,32.7,23.5,1602,0,0,1,10.304193,,1,1,41,1
29,1984,0,Czechoslovakia,32.7,23.5,1602,0,2,4,10.330213,,1,6,50,2
29,1988,0,Czechoslovakia,32.7,23.5,1602,0,1,2,10.355276,,1,3,62,3
29,1992,0,Czechoslovakia,32.7,23.5,1602,0,0,0,10.319123,.3241,1,0,74,4
30,1980,0,Denmark ,35.4,46,171,0,0,0,5.123027,1.3607,0,0,0,1
30,1984,0,Denmark ,35.4,46,171,0,0,0,5.111619,1.1291,0,0,0,2
30,1988,0,Denmark ,35.4,46,171,0,0,0,5.129516,2.2074,1,0,11,3
30,1992,0,Denmark ,35.4,46,171,0,0,0,5.17137,2.9044,1,0,6,4
30,1994,0,Denmark ,35.4,46,171,0,0,0,5.20618,2.9502,1,0,4,5
30,1998,0,Denmark ,35.4,46,171,0,1,0,5.304219,3.2739,1,1,12,6
30,2002,0,Denmark ,35.4,46,171,0,0,0,5.375931,3.2344,1,0,11,7
30,2006,0,Denmark ,35.4,46,171,0,0,0,5.437272,5.0462,1,0,5,8
30,2010,0,Denmark ,35.4,46,171,0,0,0,5.547683,5.6452,1,0,18,9
30,2014,0,Denmark ,35.4,46,171,0,0,0,5.591572,5.0462,1,0,12,10
31,1980,0,Dominica,82.40000000000001,159,1447,0,0,0,.075313,.0785,0,0,0,1
31,1984,0,Dominica,82.40000000000001,159,1447,0,0,0,.074215,.1211,0,0,0,2
31,1988,0,Dominica,82.40000000000001,159,1447,0,0,0,.071743,.2004,0,0,0,3
31,1992,0,Dominica,82.40000000000001,159,1447,0,0,0,.070978,.2702,0,0,0,4
31,1994,0,Dominica,82.40000000000001,159,1447,0,0,0,.071372,.3019,0,0,0,5
31,1998,0,Dominica,82.40000000000001,159,1447,0,0,0,.070295,.3677,0,0,0,6
31,2002,0,Dominica,82.40000000000001,159,1447,0,0,0,.069806,.4684,0,0,0,7
31,2006,0,Dominica,82.40000000000001,159,1447,0,0,0,.07069,.5408,0,0,0,8
31,2010,0,Dominica,82.40000000000001,159,1447,0,0,0,.071167,.663,0,0,0,9
31,2014,0,Dominica,82.40000000000001,159,1447,0,0,0,.071684,.5408,1,0,2,10
32,1980,0,East Germany,,,,9,7,7,5.825715,.1138,1,23,53,1
32,1984,0,East Germany,,,,9,9,6,6.381602,.1619,1,24,57,2
32,1988,0,East Germany,,,,9,10,6,6.953918,.0773,1,25,56,3
33,1980,0,Egypt,66,5,2629,0,0,0,44.931971,.051,0,0,0,1
33,1984,0,Egypt,66,5,2629,0,0,0,49.190419,.0623,1,0,1,2
33,1988,0,Egypt,66,5,2629,0,0,0,54.011214,.0649,0,0,0,3
33,1992,0,Egypt,66,5,2629,0,0,0,58.370712,.0717,0,0,0,4
33,1994,0,Egypt,66,5,2629,0,0,0,60.231864,.0862,0,0,0,5
33,1998,0,Egypt,66,5,2629,0,0,0,64.08444299999999,.1324,0,0,0,6
33,2002,0,Egypt,66,5,2629,0,0,0,68.302914,.1286,0,0,0,7
33,2006,0,Egypt,66,5,2629,0,0,0,72.990754,.1473,0,0,0,8
33,2010,0,Egypt,66,5,2629,0,0,0,78.075705,.2804,0,0,0,9
33,2014,0,Egypt,66,5,2629,0,0,0,80.721874,.1473,0,0,0,10
34,1980,0,Estonia ,29.8,49,318,0,0,0,1.477219,,0,0,0,1
34,1984,0,Estonia ,29.8,49,318,0,0,0,1.518617,,0,0,0,2
34,1988,0,Estonia ,29.8,49,318,0,0,0,1.5619,,0,0,0,3
34,1992,0,Estonia ,29.8,49,318,0,0,0,1.533091,,1,0,19,4
34,1994,0,Estonia ,29.8,49,318,0,0,0,1.462514,.2725,1,0,26,5
34,1998,0,Estonia ,29.8,49,318,0,0,0,1.386156,.4039,1,0,20,6
34,2002,0,Estonia ,29.8,49,318,1,1,1,1.367508,.5356,1,3,17,7
34,2006,0,Estonia ,29.8,49,318,3,0,0,1.346035,1.2487,1,3,26,8
34,2010,0,Estonia ,29.8,49,318,0,1,0,1.336887,1.4246,1,1,30,9
34,2014,0,Estonia ,29.8,49,318,0,0,0,1.329301,1.2487,1,0,24,10
35,1980,0,Ethiopia ,70,280,4533,0,0,0,35.241209,,0,0,0,1
35,1984,0,Ethiopia ,70,280,4533,0,0,0,39.49361,.0201,0,0,0,2
35,1988,0,Ethiopia ,70,280,4533,0,0,0,44.916621,.0238,0,0,0,3
35,1992,0,Ethiopia ,70,280,4533,0,0,0,51.525658,.02,0,0,0,4
35,1994,0,Ethiopia ,70,280,4533,0,0,0,55.199953,.0123,0,0,0,5
35,1998,0,Ethiopia ,70,280,4533,0,0,0,62.353942,.0123,0,0,0,6
35,2002,0,Ethiopia ,70,280,4533,0,0,0,69.94834400000001,.011,0,0,0,7
35,2006,0,Ethiopia ,70,280,4533,0,0,0,78.290649,.0192,1,0,1,8
35,2010,0,Ethiopia ,70,280,4533,0,0,0,87.095281,.0302,1,0,1,9
35,2014,0,Ethiopia ,70,280,4533,0,0,0,91.728849,.0192,0,0,0,10
36,1980,0,Fiji,78.8,125,1324,0,0,0,.635256,.1893,0,0,0,1
36,1984,0,Fiji,78.8,125,1324,0,0,0,.700394,.1682,0,0,0,2
36,1988,0,Fiji,78.8,125,1324,0,0,0,.722707,.1536,1,0,1,3
36,1992,0,Fiji,78.8,125,1324,0,0,0,.74434,.2058,0,0,0,4
36,1994,0,Fiji,78.8,125,1324,0,0,0,.765664,.2384,1,0,1,5
36,1998,0,Fiji,78.8,125,1324,0,0,0,.800616,.2069,0,0,0,6
36,2002,0,Fiji,78.8,125,1324,0,0,0,.816237,.2258,1,0,1,7
36,2006,0,Fiji,78.8,125,1324,0,0,0,.82806,.3747,0,0,0,8
36,2010,0,Fiji,78.8,125,1324,0,0,0,.860559,.3748,0,0,0,9
36,2014,0,Fiji,78.8,125,1324,0,0,0,.874742,.3747,0,0,0,10
37,1980,0,Finland ,29.7,52,1328,1,5,3,4.779535,1.1091,1,9,53,1
37,1984,0,Finland ,29.7,52,1328,4,3,6,4.881803,1.0676,1,13,45,2
37,1988,0,Finland ,29.7,52,1328,4,1,2,4.946481,2.1668,1,7,60,3
37,1992,0,Finland ,29.7,52,1328,3,1,3,5.041992,2.1851,1,7,62,4
37,1994,0,Finland ,29.7,52,1328,0,1,5,5.088333,1.9777,1,6,61,5
37,1998,0,Finland ,29.7,52,1328,2,4,6,5.153498,2.518,1,12,85,6
37,2002,0,Finland ,29.7,52,1328,4,2,1,5.200598,2.5994,1,7,98,7
37,2006,0,Finland ,29.7,52,1328,0,6,3,5.266268,3.9487,1,9,102,8
37,2010,0,Finland ,29.7,52,1328,0,1,4,5.363352,4.4134,1,5,95,9
37,2014,0,Finland ,29.7,52,1328,1,3,1,5.413971,3.9487,1,5,103,10
38,1980,0,France ,45,51,4807,0,0,1,55.22467,1.25,1,1,22,1
38,1984,0,France ,45,51,4807,0,1,2,56.489874,.9235,1,3,32,2
38,1988,0,France ,45,51,4807,1,0,1,57.803824,1.732,1,2,92,3
38,1992,1,France ,45,51,4807,3,5,1,58.849212,2.333,1,9,109,4
38,1994,0,France ,45,51,4807,0,1,4,59.325793,2.3059,1,5,98,5
38,1998,0,France ,45,51,4807,2,1,5,60.185178,2.4406,1,8,106,6
38,2002,0,France ,45,51,4807,4,5,2,61.803229,2.3494,1,11,114,7
38,2006,0,France ,45,51,4807,3,2,4,63.617975,3.5457,1,9,89,8
38,2010,0,France ,45,51,4807,2,3,6,65.031235,3.9443,1,11,108,9
38,2014,0,France ,45,51,4807,4,4,7,65.69668900000001,3.5457,1,15,105,10
39,1980,0,Georgia ,42.6,20,5201,0,0,0,4.4677,,0,0,0,1
39,1984,0,Georgia ,42.6,20,5201,0,0,0,4.6222,,0,0,0,2
39,1988,0,Georgia ,42.6,20,5201,0,0,0,4.7907,,0,0,0,3
39,1992,0,Georgia ,42.6,20,5201,0,0,0,4.8735,.0757,0,0,0,4
39,1994,0,Georgia ,42.6,20,5201,0,0,0,4.8616,.0517,1,0,5,5
39,1998,0,Georgia ,42.6,20,5201,0,0,0,4.4873,.0805,1,0,4,6
39,2002,0,Georgia ,42.6,20,5201,0,0,0,4.357,.0779,1,0,4,7
39,2006,0,Georgia ,42.6,20,5201,0,0,0,4.398,.1765,1,0,3,8
39,2010,0,Georgia ,42.6,20,5201,0,0,0,4.4528,.2614,1,0,8,9
39,2014,0,Georgia ,42.6,20,5201,0,0,0,4.4907,.1765,1,0,4,10
40,1980,0,Germany ,37.2,42.3,2963,0,0,0,78.28857600000001,1.1746,0,0,0,1
40,1984,0,Germany ,37.2,42.3,2963,0,0,0,77.85868499999999,.9012,0,0,0,2
40,1988,0,Germany ,37.2,42.3,2963,0,0,0,78.14461900000001,1.7352,0,0,0,3
40,1992,0,Germany ,37.2,42.3,2963,10,10,6,80.62459800000001,2.5605,1,26,111,4
40,1994,0,Germany ,37.2,42.3,2963,9,7,8,81.43834800000001,2.6376,1,24,112,5
40,1998,0,Germany ,37.2,42.3,2963,12,9,8,82.047195,2.6548,1,29,125,6
40,2002,0,Germany ,37.2,42.3,2963,12,16,8,82.488495,2.4326,1,36,157,7
40,2006,0,Germany ,37.2,42.3,2963,11,12,6,82.376451,3.5238,1,29,164,8
40,2010,0,Germany ,37.2,42.3,2963,10,13,7,81.77692999999999,4.0408,1,30,153,9
40,2014,0,Germany ,37.2,42.3,2963,8,6,5,80.42582299999999,3.5238,1,19,153,10
41,1980,0,Ghana ,81,46,885,0,0,0,10.802497,.0412,0,0,0,1
41,1984,0,Ghana ,81,46,885,0,0,0,12.311805,.0358,0,0,0,2
41,1988,0,Ghana ,81,46,885,0,0,0,13.853171,.0375,0,0,0,3
41,1992,0,Ghana ,81,46,885,0,0,0,15.471695,.0415,0,0,0,4
41,1994,0,Ghana ,81,46,885,0,0,0,16.339278,.0333,0,0,0,5
41,1998,0,Ghana ,81,46,885,0,0,0,17.96883,.0416,0,0,0,6
41,2002,0,Ghana ,81,46,885,0,0,0,19.786307,.0312,0,0,0,7
41,2006,0,Ghana ,81,46,885,0,0,0,21.947779,.093,0,0,0,8
41,2010,0,Ghana ,81,46,885,0,0,0,24.262901,.1326,1,0,1,9
41,2014,0,Ghana ,81,46,885,0,0,0,25.366462,.093,0,0,0,10
42,1980,0,Great Britain ,46.9,51.6,1343,1,0,0,56.314216,.9623,1,1,48,1
42,1984,0,Great Britain ,46.9,51.6,1343,1,0,0,56.422072,.7778000000000001,1,1,30,2
42,1988,0,Great Britain ,46.9,51.6,1343,0,0,0,56.928327,1.4951,1,0,70,3
42,1992,0,Great Britain ,46.9,51.6,1343,0,0,0,57.580402,1.9212,1,0,49,4
42,1994,0,Great Britain ,46.9,51.6,1343,0,0,2,57.865745,1.8664,1,2,32,5
42,1998,0,Great Britain ,46.9,51.6,1343,0,0,1,58.487141,2.5266,1,1,34,6
42,2002,0,Great Britain ,46.9,51.6,1343,1,0,1,59.362051,2.7305,1,2,49,7
42,2006,0,Great Britain ,46.9,51.6,1343,0,1,0,60.828396,4.082,1,1,40,8
42,2010,0,Great Britain ,46.9,51.6,1343,1,0,0,62.747868,3.6425,1,1,52,9
42,2014,0,Great Britain ,46.9,51.6,1343,1,1,2,63.612729,4.082,1,4,56,10
43,1980,0,Greece ,55.9,56.9,2917,0,0,0,9.642505,.5620000000000001,1,0,3,1
43,1984,0,Greece ,55.9,56.9,2917,0,0,0,9.895801000000001,.4627,1,0,6,2
43,1988,0,Greece ,55.9,56.9,2917,0,0,0,10.036983,.7245,1,0,7,3
43,1992,0,Greece ,55.9,56.9,2917,0,0,0,10.369866,1.0687,1,0,8,4
43,1994,0,Greece ,55.9,56.9,2917,0,0,0,10.553035,1.0536,1,0,9,5
43,1998,0,Greece ,55.9,56.9,2917,0,0,0,10.83488,1.2485,1,0,13,6
43,2002,0,Greece ,55.9,56.9,2917,0,0,0,10.987543,1.3292,1,0,10,7
43,2006,0,Greece ,55.9,56.9,2917,0,0,0,11.14846,2.3475,1,0,5,8
43,2010,0,Greece ,55.9,56.9,2917,0,0,0,11.307502,2.602,1,0,7,9
43,2014,0,Greece ,55.9,56.9,2917,0,0,0,11.092771,2.3475,1,0,7,10
44,1980,0,Guam,86.3,100.6,406,0,0,0,.104131,,0,0,0,1
44,1984,0,Guam,86.3,100.6,406,0,0,0,.113961,,0,0,0,2
44,1988,0,Guam,86.3,100.6,406,0,0,0,.124677,,1,0,1,3
45,1980,0,Guatemala,75,6.6,4211,0,0,0,7.001101,.1125,0,0,0,1
45,1984,0,Guatemala,75,6.6,4211,0,0,0,7.73121,.1225,0,0,0,2
45,1988,0,Guatemala,75,6.6,4211,0,0,0,8.491593999999999,.0923,1,0,1,3
46,1980,0,Honduras,77.7,9.9,2870,0,0,0,3.635862,.0706,0,0,0,1
46,1984,0,Honduras,77.7,9.9,2870,0,0,0,4.111424,.0807,0,0,0,2
46,1988,0,Honduras,77.7,9.9,2870,0,0,0,4.631575,.0857,0,0,0,3
46,1992,0,Honduras,77.7,9.9,2870,0,0,0,5.180884,.066,1,0,1,4
46,1994,0,Honduras,77.7,9.9,2870,0,0,0,5.457189,.0629,0,0,0,5
46,1998,0,Honduras,77.7,9.9,2870,0,0,0,5.980152,.087,0,0,0,6
46,2002,0,Honduras,77.7,9.9,2870,0,0,0,6.495801,.1197,0,0,0,7
46,2006,0,Honduras,77.7,9.9,2870,0,0,0,7.037428,.1541,0,0,0,8
46,2010,0,Honduras,77.7,9.9,2870,0,0,0,7.621204,.2064,0,0,0,9
46,2014,0,Honduras,77.7,9.9,2870,0,0,0,7.935846,.1541,0,0,0,10
47,1980,0,Hong Kong ,65.5,24.7,958,0,0,0,5.0631,.57,0,0,0,1
47,1984,0,Hong Kong ,65.5,24.7,958,0,0,0,5.3979,.6208,0,0,0,2
47,1988,0,Hong Kong ,65.5,24.7,958,0,0,0,5.6276,1.061,0,0,0,3
47,1992,0,Hong Kong ,65.5,24.7,958,0,0,0,5.8005,1.7976,0,0,0,4
47,1994,0,Hong Kong ,65.5,24.7,958,0,0,0,6.0354,2.2503,0,0,0,5
47,1998,0,Hong Kong ,65.5,24.7,958,0,0,0,6.5437,2.5809,0,0,0,6
47,2002,0,Hong Kong ,65.5,24.7,958,0,0,0,6.7441,2.4666,1,0,2,7
47,2006,0,Hong Kong ,65.5,24.7,958,0,0,0,6.8571,2.8224,1,0,1,8
47,2010,0,Hong Kong ,65.5,24.7,958,0,0,0,7.0242,3.2558,1,0,1,9
47,2014,0,Hong Kong ,65.5,24.7,958,0,0,0,7.1546,2.8224,1,0,1,10
48,1980,0,Hungary ,37.2,38.5,1014,0,1,0,10.711122,.2069,1,1,3,1
48,1984,0,Hungary ,37.2,38.5,1014,0,0,0,10.668095,.1909,1,0,9,2
48,1988,0,Hungary ,37.2,38.5,1014,0,0,0,10.596487,.2696,1,0,6,3
48,1992,0,Hungary ,37.2,38.5,1014,0,0,0,10.369341,.3666,1,0,24,4
48,1994,0,Hungary ,37.2,38.5,1014,0,0,0,10.343355,.4096,1,0,16,5
48,1998,0,Hungary ,37.2,38.5,1014,0,0,0,10.26657,.4671,1,0,17,6
48,2002,0,Hungary ,37.2,38.5,1014,0,0,0,10.158608,.6535,1,0,25,7
48,2006,0,Hungary ,37.2,38.5,1014,0,0,0,10.07137,1.1174,1,0,20,8
48,2010,0,Hungary ,37.2,38.5,1014,0,0,0,10.000023,1.275,1,0,16,9
48,2014,0,Hungary ,37.2,38.5,1014,0,0,0,9.920362000000001,1.1174,1,0,16,10
49,1980,0,Iceland ,25,80.59999999999999,2110,0,0,0,.228138,1.4602,1,0,6,1
49,1984,0,Iceland ,25,80.59999999999999,2110,0,0,0,.239511,1.1782,1,0,5,2
49,1988,0,Iceland ,25,80.59999999999999,2110,0,0,0,.24974,2.409,1,0,3,3
49,1992,0,Iceland ,25,80.59999999999999,2110,0,0,0,.261057,2.6722,1,0,5,4
49,1994,0,Iceland ,25,80.59999999999999,2110,0,0,0,.266021,2.3663,1,0,5,5
49,1998,0,Iceland ,25,80.59999999999999,2110,0,0,0,.274047,3.0257,1,0,7,6
49,2002,0,Iceland ,25,80.59999999999999,2110,0,0,0,.287523,3.0979,1,0,6,7
49,2006,0,Iceland ,25,80.59999999999999,2110,0,0,0,.303782,5.4814,1,0,5,8
49,2010,0,Iceland ,25,80.59999999999999,2110,0,0,0,.318041,3.9507,1,0,4,9
49,2014,0,Iceland ,25,80.59999999999999,2110,0,0,0,.320716,5.4814,1,0,5,10
50,1980,0,India ,87.09999999999999,.6,8598,0,0,0,698.9655749999999,.0271,0,0,0,1
50,1984,0,India ,87.09999999999999,.6,8598,0,0,0,764.7493940000001,.0282,0,0,0,2
50,1988,0,India ,87.09999999999999,.6,8598,0,0,0,833.8335100000001,.0362,1,0,3,3
50,1992,0,India ,87.09999999999999,.6,8598,0,0,0,903.749636,.0324,1,0,2,4
50,1994,0,India ,87.09999999999999,.6,8598,0,0,0,938.45255,.0355,0,0,0,5
50,1998,0,India ,87.09999999999999,.6,8598,0,0,0,1007.746556,.0425,1,0,1,6
50,2002,0,India ,87.09999999999999,.6,8598,0,0,0,1076.705723,.0487,1,0,1,7
50,2006,0,India ,87.09999999999999,.6,8598,0,0,0,1143.28935,.083,1,0,4,8
50,2010,0,India ,87.09999999999999,.6,8598,0,0,0,1205.624648,.1417,1,0,3,9
50,2014,0,India ,87.09999999999999,.6,8598,0,0,0,1236.686732,.083,1,0,3,10
51,1980,0,Iran ,43,63.1,5671,0,0,0,38.88952,.2315,0,0,0,1
51,1984,0,Iran ,43,63.1,5671,0,0,0,45.672219,.3351,0,0,0,2
51,1988,0,Iran ,43,63.1,5671,0,0,0,53.250434,.2184,0,0,0,3
51,1992,0,Iran ,43,63.1,5671,0,0,0,58.307457,,0,0,0,4
51,1994,0,Iran ,43,63.1,5671,0,0,0,59.663107,.1125,0,0,0,5
51,1998,0,Iran ,43,63.1,5671,0,0,0,63.713397,.1611,1,0,1,6
51,2002,0,Iran ,43,63.1,5671,0,0,0,67.72727399999999,.1719,1,0,2,7
51,2006,0,Iran ,43,63.1,5671,0,0,0,70.976584,.314,1,0,2,8
51,2010,0,Iran ,43,63.1,5671,0,0,0,74.46231400000001,.5675,1,0,4,9
51,2014,0,Iran ,43,63.1,5671,0,0,0,76.424443,.314,1,0,5,10
52,1980,0,Ireland ,47.8,62.6,1041,0,0,0,3.4128,.6258,0,0,0,1
52,1984,0,Ireland ,47.8,62.6,1041,0,0,0,3.532423,.5590000000000001,0,0,0,2
52,1988,0,Ireland ,47.8,62.6,1041,0,0,0,3.524949,1.0523,0,0,0,3
52,1992,0,Ireland ,47.8,62.6,1041,0,0,0,3.55843,1.5432,1,0,4,4
52,1994,0,Ireland ,47.8,62.6,1041,0,0,0,3.590386,1.5617,0,0,0,5
52,1998,0,Ireland ,47.8,62.6,1041,0,0,0,3.712696,2.375,1,0,6,6
52,2002,0,Ireland ,47.8,62.6,1041,0,0,0,3.931947,3.1286,1,0,6,7
52,2006,0,Ireland ,47.8,62.6,1041,0,0,0,4.274137,5.2119,1,0,4,8
52,2010,0,Ireland ,47.8,62.6,1041,0,0,0,4.560155,4.5917,1,0,7,9
52,2014,0,Ireland ,47.8,62.6,1041,0,0,0,4.586897,5.2119,1,0,5,10
53,1980,0,Israel ,53.2,133.2,1208,0,0,0,3.878,.5617,0,0,0,1
53,1984,0,Israel ,53.2,133.2,1208,0,0,0,4.159,.6262,0,0,0,2
53,1988,0,Israel ,53.2,133.2,1208,0,0,0,4.442,.9881,0,0,0,3
53,1992,0,Israel ,53.2,133.2,1208,0,0,0,5.123,1.2838,0,0,0,4
53,1994,0,Israel ,53.2,133.2,1208,0,0,0,5.399,1.383,1,0,1,5
53,1998,0,Israel ,53.2,133.2,1208,0,0,0,5.971,1.8392,1,0,3,6
53,2002,0,Israel ,53.2,133.2,1208,0,0,0,6.57,1.7195,1,0,5,7
53,2006,0,Israel ,53.2,133.2,1208,0,0,0,7.0537,2.1405,1,0,5,8
53,2010,0,Israel ,53.2,133.2,1208,0,0,0,7.6236,3.0389,1,0,3,9
53,2014,0,Israel ,53.2,133.2,1208,0,0,0,7.9105,2.1405,1,0,5,10
54,1980,0,Italy ,53.4,66.90000000000001,4748,0,2,0,56.433883,.8148,1,2,46,1
54,1984,0,Italy ,53.4,66.90000000000001,4748,2,0,0,56.576718,.7457,1,2,74,2
54,1988,0,Italy ,53.4,66.90000000000001,4748,2,1,2,56.629288,1.517,1,5,85,3
54,1992,0,Italy ,53.4,66.90000000000001,4748,4,6,4,56.797087,2.2395,1,14,107,4
54,1994,0,Italy ,53.4,66.90000000000001,4748,7,5,8,56.8434,1.8632,1,20,104,5
54,1998,0,Italy ,53.4,66.90000000000001,4748,2,6,2,56.906744,2.1519,1,10,112,6
54,2002,0,Italy ,53.4,66.90000000000001,4748,4,4,5,57.157406,2.1435,1,13,112,7
54,2006,1,Italy ,53.4,66.90000000000001,4748,5,0,6,58.941499,3.1777,1,11,184,8
54,2010,0,Italy ,53.4,66.90000000000001,4748,1,1,3,60.483385,3.3982,1,5,109,9
54,2014,0,Italy ,53.4,66.90000000000001,4748,0,2,6,59.539717,3.1777,1,8,113,10
55,1980,0,Jamaica ,86.5,18,2256,0,0,0,2.133,.1256,0,0,0,1
55,1984,0,Jamaica ,86.5,18,2256,0,0,0,2.2799,.1041,0,0,0,2
55,1988,0,Jamaica ,86.5,18,2256,0,0,0,2.3564,.1625,1,0,6,3
55,1992,0,Jamaica ,86.5,18,2256,0,0,0,2.423044,.1459,1,0,5,4
55,1994,0,Jamaica ,86.5,18,2256,0,0,0,2.460002,.2007,1,0,4,5
55,1998,0,Jamaica ,86.5,18,2256,0,0,0,2.55678,.3419,1,0,6,6
55,2002,0,Jamaica ,86.5,18,2256,0,0,0,2.615253,.3716,1,0,2,7
55,2006,0,Jamaica ,86.5,18,2256,0,0,0,2.653042,.4487,0,0,0,8
55,2010,0,Jamaica ,86.5,18,2256,0,0,0,2.690824,.4907,1,0,1,9
55,2014,0,Jamaica ,86.5,18,2256,0,0,0,2.707805,.4487,1,0,2,10
56,1980,0,Japan ,49.8,52.3,3776,0,1,0,116.782,.9308,1,1,50,1
56,1984,0,Japan ,49.8,52.3,3776,0,1,0,120.018,1.0787,1,1,39,2
56,1988,0,Japan ,49.8,52.3,3776,0,0,1,122.613,2.4593,1,1,63,3
56,1992,0,Japan ,49.8,52.3,3776,1,2,4,124.229,3.1014,1,7,60,4
56,1994,0,Japan ,49.8,52.3,3776,1,2,2,124.961,3.8815,1,5,57,5
56,1998,1,Japan ,49.8,52.3,3776,5,1,4,126.41,3.0967,1,10,156,6
56,2002,0,Japan ,49.8,52.3,3776,0,1,1,127.445,3.1236,1,2,103,7
56,2006,0,Japan ,49.8,52.3,3776,1,0,0,127.756,3.4102,1,1,112,8
56,2010,0,Japan ,49.8,52.3,3776,0,3,2,127.450459,4.3118,1,5,94,9
56,2014,0,Japan ,49.8,52.3,3776,1,4,3,127.561489,3.4102,1,8,113,10
57,1980,0,Kazakhstan ,33.3,34,6995,0,0,0,14.898332,,0,0,0,1
57,1984,0,Kazakhstan ,33.3,34,6995,0,0,0,15.59959,,0,0,0,2
57,1988,0,Kazakhstan ,33.3,34,6995,0,0,0,16.130832,,0,0,0,3
57,1992,0,Kazakhstan ,33.3,34,6995,0,0,0,16.439095,.1515,0,0,0,4
57,1994,0,Kazakhstan ,33.3,34,6995,1,2,0,16.095199,.132,1,3,29,5
57,1998,0,Kazakhstan ,33.3,34,6995,0,0,2,15.0713,.1469,1,2,60,6
57,2002,0,Kazakhstan ,33.3,34,6995,0,0,0,14.858948,.1658,1,0,50,7
57,2006,0,Kazakhstan ,33.3,34,6995,0,0,0,15.308084,.5292,1,0,56,8
57,2010,0,Kazakhstan ,33.3,34,6995,0,1,0,16.321581,.9071,1,1,38,9
57,2014,0,Kazakhstan ,33.3,34,6995,0,0,1,16.791425,.5292,1,1,52,10
58,1980,0,Kenya,71.59999999999999,17.6,5199,0,0,0,16.267906,.0447,0,0,0,1
58,1984,0,Kenya,71.59999999999999,17.6,5199,0,0,0,18.942464,.0327,0,0,0,2
58,1988,0,Kenya,71.59999999999999,17.6,5199,0,0,0,21.89689,.0382,0,0,0,3
58,1992,0,Kenya,71.59999999999999,17.6,5199,0,0,0,25.036941,.0328,0,0,0,4
58,1994,0,Kenya,71.59999999999999,17.6,5199,0,0,0,26.634659,.0268,0,0,0,5
58,1998,0,Kenya,71.59999999999999,17.6,5199,0,0,0,29.702246,.0475,1,0,1,6
58,2002,0,Kenya,71.59999999999999,17.6,5199,0,0,0,33.000524,.0398,1,0,1,7
58,2006,0,Kenya,71.59999999999999,17.6,5199,0,0,0,36.757498,.0612,1,0,1,8
58,2010,0,Kenya,71.59999999999999,17.6,5199,0,0,0,40.909194,.0787,0,0,0,9
58,2014,0,Kenya,71.59999999999999,17.6,5199,0,0,0,43.178141,.0612,0,0,0,10
59,1980,0,Kyrgyzstan ,37.8,26,7439,0,0,0,3.6174,,0,0,0,1
59,1984,0,Kyrgyzstan ,37.8,26,7439,0,0,0,3.9164,,0,0,0,2
59,1988,0,Kyrgyzstan ,37.8,26,7439,0,0,0,4.2184,,0,0,0,3
59,1992,0,Kyrgyzstan ,37.8,26,7439,0,0,0,4.5154,.0513,0,0,0,4
59,1994,0,Kyrgyzstan ,37.8,26,7439,0,0,0,4.5151,.0372,1,0,1,5
59,1998,0,Kyrgyzstan ,37.8,26,7439,0,0,0,4.769,.0345,1,0,1,6
59,2002,0,Kyrgyzstan ,37.8,26,7439,0,0,0,4.9907,.0322,1,0,2,7
59,2006,0,Kyrgyzstan ,37.8,26,7439,0,0,0,5.2184,.0543,1,0,1,8
59,2010,0,Kyrgyzstan ,37.8,26,7439,0,0,0,5.4479,.088,1,0,2,9
59,2014,0,Kyrgyzstan ,37.8,26,7439,0,0,0,5.6072,.0543,1,0,1,10
60,1980,0,Latvia ,27.9,33.7,312,0,0,0,2.511701,,0,0,0,1
60,1984,0,Latvia ,27.9,33.7,312,0,0,0,2.562047,,0,0,0,2
60,1988,0,Latvia ,27.9,33.7,312,0,0,0,2.653434,.2573,0,0,0,3
60,1992,0,Latvia ,27.9,33.7,312,0,0,0,2.614338,.1854,1,0,23,4
60,1994,0,Latvia ,27.9,33.7,312,0,0,0,2.520742,.2008,1,0,27,5
60,1998,0,Latvia ,27.9,33.7,312,0,0,0,2.410019,.2746,1,0,29,6
60,2002,0,Latvia ,27.9,33.7,312,0,0,0,2.310173,.4032,1,0,47,7
60,2006,0,Latvia ,27.9,33.7,312,0,0,1,2.218357,.8986,1,1,58,8
60,2010,0,Latvia ,27.9,33.7,312,0,2,0,2.097555,1.1447,1,2,59,9
60,2014,0,Latvia ,27.9,33.7,312,0,2,2,2.034319,.8986,1,4,58,10
61,1980,0,Lebanon ,63,190.9,3088,0,0,0,2.605294,,1,0,3,1
61,1984,0,Lebanon ,63,190.9,3088,0,0,0,2.667229,,1,0,4,2
61,1988,0,Lebanon ,63,190.9,3088,0,0,0,2.668593,.1242,1,0,4,3
61,1992,0,Lebanon ,63,190.9,3088,0,0,0,2.821868,.1965,1,0,4,4
61,1994,0,Lebanon ,63,190.9,3088,0,0,0,2.974647,.3227,0,0,0,5
61,1998,0,Lebanon ,63,190.9,3088,0,0,0,3.114014,.5539,0,0,0,6
61,2002,0,Lebanon ,63,190.9,3088,0,0,0,3.515604,.5448,1,0,2,7
61,2006,0,Lebanon ,63,190.9,3088,0,0,0,4.079823,.55,1,0,3,8
61,2010,0,Lebanon ,63,190.9,3088,0,0,0,4.341092,.8552,1,0,3,9
61,2014,0,Lebanon ,63,190.9,3088,0,0,0,4.424888,.55,1,0,2,10
62,1980,0,Liechtenstein ,39.7,41,2599,2,2,0,.025869,2.0669,1,4,7,1
62,1984,0,Liechtenstein ,39.7,41,2599,0,0,2,.027009,1.8609,1,2,10,2
62,1988,0,Liechtenstein ,39.7,41,2599,0,0,1,.028089,4.136,1,1,13,3
62,1992,0,Liechtenstein ,39.7,41,2599,0,0,0,.029512,5.5272,1,0,7,4
62,1994,0,Liechtenstein ,39.7,41,2599,0,0,0,.030373,6.414,1,0,10,5
62,1998,0,Liechtenstein ,39.7,41,2599,0,0,0,.032227,7.6945,1,0,8,6
62,2002,0,Liechtenstein ,39.7,41,2599,0,0,0,.033821,7.9496,1,0,8,7
62,2006,0,Liechtenstein ,39.7,41,2599,0,0,0,.035028,11.3874,1,0,6,8
62,2010,0,Liechtenstein ,39.7,41,2599,0,0,0,.03612,,1,0,7,9
62,2014,0,Liechtenstein ,39.7,41,2599,0,0,0,.036656,11.3874,1,0,4,10
63,1980,0,Lithuania ,25.7,38.9,294,0,0,0,3.413202,,0,0,0,1
63,1984,0,Lithuania ,25.7,38.9,294,0,0,0,3.514205,,0,0,0,2
63,1988,0,Lithuania ,25.7,38.9,294,0,0,0,3.655049,,0,0,0,3
63,1992,0,Lithuania ,25.7,38.9,294,0,0,0,3.700114,.2314,1,0,6,4
63,1994,0,Lithuania ,25.7,38.9,294,0,0,0,3.657144,.1903,1,0,6,5
63,1998,0,Lithuania ,25.7,38.9,294,0,0,0,3.549331,.3171,1,0,7,6
63,2002,0,Lithuania ,25.7,38.9,294,0,0,0,3.443067,.4114,1,0,8,7
63,2006,0,Lithuania ,25.7,38.9,294,0,0,0,3.269909,.9202,1,0,7,8
63,2010,0,Lithuania ,25.7,38.9,294,0,0,0,3.097282,1.1722,1,0,8,9
63,2014,0,Lithuania ,25.7,38.9,294,0,0,0,2.987773,.9202,1,0,9,10
64,1980,0,Luxembourg,36.1,71.2,559,0,0,0,.36415,1.6389,0,0,0,1
64,1984,0,Luxembourg,36.1,71.2,559,0,0,0,.365998,1.2022,0,0,0,2
64,1988,0,Luxembourg,36.1,71.2,559,0,0,0,.37345,2.5002,1,0,1,3
64,1992,0,Luxembourg,36.1,71.2,559,0,2,0,.392175,3.923,1,2,1,4
64,1994,0,Luxembourg,36.1,71.2,559,0,0,0,.402925,4.3555,1,0,1,5
64,1998,0,Luxembourg,36.1,71.2,559,0,0,0,.4247,4.5565,1,0,1,6
64,2002,0,Luxembourg,36.1,71.2,559,0,0,0,.446175,5.0583,0,0,0,7
64,2006,0,Luxembourg,36.1,71.2,559,0,0,0,.472637,9.0016,1,0,1,8
64,2010,0,Luxembourg,36.1,71.2,559,0,0,0,.506953,10.2679,0,0,0,9
64,2014,0,Luxembourg,36.1,71.2,559,0,0,0,.530946,9.0016,1,0,1,10
65,1980,0,Macedonia ,40.1,30,2764,0,0,0,1.895727,,0,0,0,1
65,1984,0,Macedonia ,40.1,30,2764,0,0,0,1.939913,,0,0,0,2
65,1988,0,Macedonia ,40.1,30,2764,0,0,0,1.995338,,0,0,0,3
65,1992,0,Macedonia ,40.1,30,2764,0,0,0,1.99308,.1162,0,0,0,4
65,1994,0,Macedonia ,40.1,30,2764,0,0,0,1.968851,.1717,0,0,0,5
65,1998,0,Macedonia ,40.1,30,2764,0,0,0,2.013117,.1774,1,0,3,6
65,2002,0,Macedonia ,40.1,30,2764,0,0,0,2.074441,.1828,1,0,2,7
65,2006,0,Macedonia ,40.1,30,2764,0,0,0,2.093801,.3133,1,0,3,8
65,2010,0,Macedonia ,40.1,30,2764,0,0,0,2.102216,.4442,1,0,3,9
65,2014,0,Macedonia ,40.1,30,2764,0,0,0,2.105575,.3133,1,0,3,10
66,1980,0,Madegascar,68.7,10.8,2876,0,0,0,8.746516,.0462,0,0,0,1
66,1984,0,Madegascar,68.7,10.8,2876,0,0,0,9.714342,.0303,0,0,0,2
66,1988,0,Madegascar,68.7,10.8,2876,0,0,0,10.877757,.0225,0,0,0,3
66,1992,0,Madegascar,68.7,10.8,2876,0,0,0,12.263899,.0247,0,0,0,4
66,1994,0,Madegascar,68.7,10.8,2876,0,0,0,13.039754,.0228,0,0,0,5
66,1998,0,Madegascar,68.7,10.8,2876,0,0,0,14.790245,.0253,0,0,0,6
66,2002,0,Madegascar,68.7,10.8,2876,0,0,0,16.736029,.0263,0,0,0,7
66,2006,0,Madegascar,68.7,10.8,2876,0,0,0,18.826126,.0293,1,0,1,8
66,2010,0,Madegascar,68.7,10.8,2876,0,0,0,21.079532,.0419,0,0,0,9
66,2014,0,Madegascar,68.7,10.8,2876,0,0,0,22.293914,.0293,0,0,0,10
67,1980,0,Malta,59,89,253,0,0,0,.316645,.3948,0,0,0,1
67,1984,0,Malta,59,89,253,0,0,0,.330593,.3333,0,0,0,2
67,1988,0,Malta,59,89,253,0,0,0,.347325,.5814,0,0,0,3
67,1992,0,Malta,59,89,253,0,0,0,.36126,.8365,0,0,0,4
67,1994,0,Malta,59,89,253,0,0,0,.367941,.8149,0,0,0,5
67,1998,0,Malta,59,89,253,0,0,0,.377516,1.0091,0,0,0,6
67,2002,0,Malta,59,89,253,0,0,0,.395969,1.085,0,0,0,7
67,2006,0,Malta,59,89,253,0,0,0,.405308,1.5766,0,0,0,8
67,2010,0,Malta,59,89,253,0,0,0,.414508,1.9695,0,0,0,9
67,2014,0,Malta,59,89,253,0,0,0,.419455,1.5766,1,0,1,10
68,1980,0,Mexico ,70.3,7.6,5700,0,0,0,70.353013,.2763,0,0,0,1
68,1984,0,Mexico ,70.3,7.6,5700,0,0,0,76.351106,.23,1,0,1,2
68,1988,0,Mexico ,70.3,7.6,5700,0,0,0,82.63533200000001,.2216,1,0,12,3
68,1992,0,Mexico ,70.3,7.6,5700,0,0,0,89.75791599999999,.4051,1,0,20,4
68,1994,0,Mexico ,70.3,7.6,5700,0,0,0,93.541577,.571,1,0,1,5
68,1998,0,Mexico ,70.3,7.6,5700,0,0,0,100.678867,.5046000000000001,0,0,0,6
68,2002,0,Mexico ,70.3,7.6,5700,0,0,0,106.723661,.7032000000000001,1,0,3,7
68,2006,0,Mexico ,70.3,7.6,5700,0,0,0,112.116694,.8618,0,0,0,8
68,2010,0,Mexico ,70.3,7.6,5700,0,0,0,117.886404,.8885,1,0,1,9
68,2014,0,Mexico ,70.3,7.6,5700,0,0,0,120.847477,.8618,1,0,1,10
69,1980,0,Moldova ,33.6,36,430,0,0,0,3.397,,0,0,0,1
69,1984,0,Moldova ,33.6,36,430,0,0,0,3.536,,0,0,0,2
69,1988,0,Moldova ,33.6,36,430,0,0,0,3.659,,0,0,0,3
69,1992,0,Moldova ,33.6,36,430,0,0,0,3.709,.0625,0,0,0,4
69,1994,0,Moldova ,33.6,36,430,0,0,0,3.694,.0461,1,0,2,5
69,1998,0,Moldova ,33.6,36,430,0,0,0,3.652732,.0449,1,0,2,6
69,2002,0,Moldova ,33.6,36,430,0,0,0,3.623062,.0459,1,0,5,7
69,2006,0,Moldova ,33.6,36,430,0,0,0,3.585209,.0951,1,0,7,8
69,2010,0,Moldova ,33.6,36,430,0,0,0,3.562045,.1632,1,0,7,9
69,2014,0,Moldova ,33.6,36,430,0,0,0,3.559519,.0951,1,0,4,10
70,1980,0,Monaco ,54.1,82.7,140,0,0,0,.026746,5.1527,0,0,0,1
70,1984,0,Monaco ,54.1,82.7,140,0,0,0,.028514,3.6379,1,0,1,2
70,1988,0,Monaco ,54.1,82.7,140,0,0,0,.029238,6.8427,1,0,4,3
70,1992,0,Monaco ,54.1,82.7,140,0,0,0,.029864,9.165100000000001,1,0,5,4
70,1994,0,Monaco ,54.1,82.7,140,0,0,0,.030423,8.941599999999999,1,0,5,5
70,1998,0,Monaco ,54.1,82.7,140,0,0,0,.031517,9.3111,1,0,4,6
70,2002,0,Monaco ,54.1,82.7,140,0,0,0,.032653,8.8996,1,0,5,7
70,2006,0,Monaco ,54.1,82.7,140,0,0,0,.034369,13.5689,1,0,4,8
70,2010,0,Monaco ,54.1,82.7,140,0,0,0,.036845,14.523,1,0,3,9
70,2014,0,Monaco ,54.1,82.7,140,0,0,0,.037579,13.5689,1,0,5,10
71,1980,0,Mongolia ,3.9,1.1,4374,0,0,0,1.689621,,1,0,3,1
71,1984,0,Mongolia ,3.9,1.1,4374,0,0,0,1.871083,.1122,1,0,4,2
71,1988,0,Mongolia ,3.9,1.1,4374,0,0,0,2.089721,.1533,1,0,3,3
71,1992,0,Mongolia ,3.9,1.1,4374,0,0,0,2.243525,.0587,1,0,4,4
71,1994,0,Mongolia ,3.9,1.1,4374,0,0,0,2.280519,.0406,1,0,1,5
71,1998,0,Mongolia ,3.9,1.1,4374,0,0,0,2.355618,.0477,1,0,3,6
71,2002,0,Mongolia ,3.9,1.1,4374,0,0,0,2.443231,.0572,1,0,4,7
71,2006,0,Mongolia ,3.9,1.1,4374,0,0,0,2.559496,.1334,1,0,2,8
71,2010,0,Mongolia ,3.9,1.1,4374,0,0,0,2.712738,.2286,1,0,2,9
71,2014,0,Mongolia ,3.9,1.1,4374,0,0,0,2.796484,.1334,1,0,2,10
72,1980,0,Montenegro ,49.1,192,2522,0,0,0,.5790880000000001,,0,0,0,1
72,1984,0,Montenegro ,49.1,192,2522,0,0,0,.591105,,0,0,0,2
72,1988,0,Montenegro ,49.1,192,2522,0,0,0,.607814,,0,0,0,3
72,1992,0,Montenegro ,49.1,192,2522,0,0,0,.61663,,0,0,0,4
72,1994,0,Montenegro ,49.1,192,2522,0,0,0,.615521,,0,0,0,5
72,1998,0,Montenegro ,49.1,192,2522,0,0,0,.611947,,0,0,0,6
72,2002,0,Montenegro ,49.1,192,2522,0,0,0,.612325,.2098,0,0,0,7
72,2006,0,Montenegro ,49.1,192,2522,0,0,0,.616854,.4371,0,0,0,8
72,2010,0,Montenegro ,49.1,192,2522,0,0,0,.620078,.6636,1,0,1,9
72,2014,0,Montenegro ,49.1,192,2522,0,0,0,.621081,.4371,1,0,2,10
73,1980,0,Morocco ,62.8,62.2,4165,0,0,0,19.798703,.0943,0,0,0,1
73,1984,0,Morocco ,62.8,62.2,4165,0,0,0,21.776104,.0581,1,0,4,2
73,1988,0,Morocco ,62.8,62.2,4165,0,0,0,23.73998,.0927,1,0,3,3
73,1992,0,Morocco ,62.8,62.2,4165,0,0,0,25.569662,.1103,1,0,12,4
73,1994,0,Morocco ,62.8,62.2,4165,0,0,0,26.421309,.1138,0,0,0,5
73,1998,0,Morocco ,62.8,62.2,4165,0,0,0,28.013585,.1415,0,0,0,6
73,2002,0,Morocco ,62.8,62.2,4165,0,0,0,29.311443,.1363,0,0,0,7
73,2006,0,Morocco ,62.8,62.2,4165,0,0,0,30.395097,.2128,0,0,0,8
73,2010,0,Morocco ,62.8,62.2,4165,0,0,0,31.64236,.2823,1,0,1,9
73,2014,0,Morocco ,62.8,62.2,4165,0,0,0,32.521143,.2128,1,0,2,10
74,1980,0,Nepal ,66.40000000000001,14.4,8850,0,0,0,14.384864,.0135,0,0,0,1
74,1984,0,Nepal ,66.40000000000001,14.4,8850,0,0,0,15.778051,.0164,0,0,0,2
74,1988,0,Nepal ,66.40000000000001,14.4,8850,0,0,0,17.273606,.0202,0,0,0,3
74,1992,0,Nepal ,66.40000000000001,14.4,8850,0,0,0,19.050879,.0179,0,0,0,4
74,1994,0,Nepal ,66.40000000000001,14.4,8850,0,0,0,20.065413,.0203,0,0,0,5
74,1998,0,Nepal ,66.40000000000001,14.4,8850,0,0,0,22.175431,.0219,0,0,0,6
74,2002,0,Nepal ,66.40000000000001,14.4,8850,0,0,0,24.102862,.0251,1,0,1,7
74,2006,0,Nepal ,66.40000000000001,14.4,8850,0,0,0,25.634043,.0353,1,0,1,8
74,2010,0,Nepal ,66.40000000000001,14.4,8850,0,0,0,26.846016,.0596,1,0,1,9
74,2014,0,Nepal ,66.40000000000001,14.4,8850,0,0,0,27.474377,.0353,1,0,1,10
75,1980,0,Netherlands ,42.4,66.59999999999999,862,1,2,1,14.1498,1.2775,1,4,29,1
75,1984,0,Netherlands ,42.4,66.59999999999999,862,0,0,0,14.424211,.9242,1,0,13,2
75,1988,0,Netherlands ,42.4,66.59999999999999,862,3,2,2,14.760094,1.6437,1,7,23,3
75,1992,0,Netherlands ,42.4,66.59999999999999,862,1,1,2,15.184166,2.2142,1,4,19,4
75,1994,0,Netherlands ,42.4,66.59999999999999,862,0,1,3,15.382838,2.283,1,4,21,5
75,1998,0,Netherlands ,42.4,66.59999999999999,862,5,4,2,15.707209,2.5635,1,11,22,6
75,2002,0,Netherlands ,42.4,66.59999999999999,862,3,5,0,16.148929,2.7111,1,8,27,7
75,2006,0,Netherlands ,42.4,66.59999999999999,862,3,2,4,16.346101,4.1459,1,9,35,8
75,2010,0,Netherlands ,42.4,66.59999999999999,862,4,1,3,16.615394,4.6773,1,8,34,9
75,2014,0,Netherlands ,42.4,66.59999999999999,862,8,7,9,16.754962,4.1459,1,24,41,10
76,1980,0,Netherlands Antilles,,,,0,0,0,14.1498,1.2775,0,0,0,1
76,1984,0,Netherlands Antilles,,,,0,0,0,,.9242,0,0,0,2
76,1988,0,Netherlands Antilles,,,,0,0,0,14.760094,1.6437,1,0,3,3
76,1992,0,Netherlands Antilles,,,,0,0,0,15.184166,2.2142,1,0,2,4
77,1980,0,New Zealand ,58.5,145.1,3754,0,0,0,3.1129,.7401,1,0,5,1
77,1984,0,New Zealand ,58.5,145.1,3754,0,0,0,3.2271,.6642,1,0,6,2
77,1988,0,New Zealand ,58.5,145.1,3754,0,0,0,3.2834,1.3635,1,0,11,3
77,1992,0,New Zealand ,58.5,145.1,3754,0,1,0,3.5317,1.1669,1,1,6,4
77,1994,0,New Zealand ,58.5,145.1,3754,0,0,0,3.62,1.5129,1,0,7,5
77,1998,0,New Zealand ,58.5,145.1,3754,0,0,0,3.815,1.4576,1,0,8,6
77,2002,0,New Zealand ,58.5,145.1,3754,0,0,0,3.9485,1.6715,1,0,10,7
77,2006,0,New Zealand ,58.5,145.1,3754,0,0,0,4.1846,2.636,1,0,18,8
77,2010,0,New Zealand ,58.5,145.1,3754,0,0,0,4.3678,3.2796,1,0,16,9
77,2014,0,New Zealand ,58.5,145.1,3754,0,0,0,4.4331,2.636,1,0,15,10
78,1980,0,North Korea ,30.6,12.2,2744,0,0,0,17.372172,,0,0,0,1
78,1984,0,North Korea ,30.6,12.2,2744,0,0,0,18.488002,,1,0,6,2
78,1988,0,North Korea ,30.6,12.2,2744,0,0,0,19.610518,,1,0,6,3
78,1992,0,North Korea ,30.6,12.2,2744,0,0,1,20.83809,,1,1,20,4
78,1994,0,North Korea ,30.6,12.2,2744,0,0,0,21.478552,,0,0,0,5
78,1998,0,North Korea ,30.6,12.2,2744,0,0,0,22.444993,,1,0,8,6
78,2002,0,North Korea ,30.6,12.2,2744,0,0,0,23.248059,,0,0,0,7
78,2006,0,North Korea ,30.6,12.2,2744,0,0,0,23.969917,,1,0,6,8
78,2010,0,North Korea ,30.6,12.2,2744,0,0,0,24.50052,,1,0,2,9
78,2014,0,North Korea ,30.6,12.2,2744,0,0,0,24.763188,,0,0,0,10
79,1980,0,Norway ,28.8,49,2469,1,3,6,4.08562,1.5595,1,10,63,1
79,1984,0,Norway ,28.8,49,2469,3,2,4,4.140099,1.4758,1,9,58,2
79,1988,0,Norway ,28.8,49,2469,0,3,2,4.209488,2.3769,1,5,89,3
79,1992,0,Norway ,28.8,49,2469,9,6,5,4.286401,2.9932,1,20,80,4
79,1994,1,Norway ,28.8,49,2469,10,11,5,4.336613,2.8713,1,26,88,5
79,1998,0,Norway ,28.8,49,2469,10,10,5,4.431464,3.4106,1,25,76,6
79,2002,0,Norway ,28.8,49,2469,13,5,7,4.538159,4.2292,1,25,77,7
79,2006,0,Norway ,28.8,49,2469,2,8,9,4.660677,7.296,1,19,81,8
79,2010,0,Norway ,28.8,49,2469,9,8,6,4.889252,8.615600000000001,1,23,99,9
79,2014,0,Norway ,28.8,49,2469,11,5,10,5.018573,7.296,1,26,134,10
80,1980,0,Pakistan ,78.09999999999999,3.6,8611,0,0,0,79.984297,.0296,0,0,0,1
80,1984,0,Pakistan ,78.09999999999999,3.6,8611,0,0,0,91.64316,.034,0,0,0,2
80,1988,0,Pakistan ,78.09999999999999,3.6,8611,0,0,0,104.58347,.0368,0,0,0,3
80,1992,0,Pakistan ,78.09999999999999,3.6,8611,0,0,0,117.291344,.0415,0,0,0,4
80,1994,0,Pakistan ,78.09999999999999,3.6,8611,0,0,0,123.450933,.042,0,0,0,5
80,1998,0,Pakistan ,78.09999999999999,3.6,8611,0,0,0,137.13929,.0453,0,0,0,6
80,2002,0,Pakistan ,78.09999999999999,3.6,8611,0,0,0,149.693684,.0483,0,0,0,7
80,2006,0,Pakistan ,78.09999999999999,3.6,8611,0,0,0,160.905794,.0853,0,0,0,8
80,2010,0,Pakistan ,78.09999999999999,3.6,8611,0,0,0,173.149306,.1025,1,0,1,9
80,2014,0,Pakistan ,78.09999999999999,3.6,8611,0,0,0,179.160111,.0853,1,0,1,10
81,1980,0,Paraguay,73.8,39.4,842,0,0,0,3.198848,.128,0,0,0,1
81,1984,0,Paraguay,73.8,39.4,842,0,0,0,3.597135,.1131,0,0,0,2
81,1988,0,Paraguay,73.8,39.4,842,0,0,0,4.029203,.1013,0,0,0,3
81,1992,0,Paraguay,73.8,39.4,842,0,0,0,4.470934,.1601,0,0,0,4
81,1994,0,Paraguay,73.8,39.4,842,0,0,0,4.691695,.1678,0,0,0,5
81,1998,0,Paraguay,73.8,39.4,842,0,0,0,5.130723,.1759,0,0,0,6
81,2002,0,Paraguay,73.8,39.4,842,0,0,0,5.571371,.1135,0,0,0,7
81,2006,0,Paraguay,73.8,39.4,842,0,0,0,6.014781,.1773,0,0,0,8
81,2010,0,Paraguay,73.8,39.4,842,0,0,0,6.459721,.3101,0,0,0,9
81,2014,0,Paraguay,73.8,39.4,842,0,0,0,6.687361,.1773,1,0,1,10
82,1980,0,Peru ,65.7,.3,6768,0,0,0,17.328542,.1192,0,0,0,1
82,1984,0,Peru ,65.7,.3,6768,0,0,0,19.081183,.104,0,0,0,2
82,1988,0,Peru ,65.7,.3,6768,0,0,0,20.875714,.0593,0,0,0,3
82,1992,0,Peru ,65.7,.3,6768,0,0,0,22.649612,.1593,0,0,0,4
82,1994,0,Peru ,65.7,.3,6768,0,0,0,23.511358,.191,0,0,0,5
82,1998,0,Peru ,65.7,.3,6768,0,0,0,25.206817,.2251,0,0,0,6
82,2002,0,Peru ,65.7,.3,6768,0,0,0,26.729909,.2124,0,0,0,7
82,2006,0,Peru ,65.7,.3,6768,0,0,0,28.030688,.3298,0,0,0,8
82,2010,0,Peru ,65.7,.3,6768,0,0,0,29.26283,.5386,1,0,3,9
82,2014,0,Peru ,65.7,.3,6768,0,0,0,29.9878,.3298,1,0,3,10
83,1980,0,Phillippines,86.40000000000001,19,2954,0,0,0,47.398432,.0685,0,0,0,1
83,1984,0,Phillippines,86.40000000000001,19,2954,0,0,0,52.872611,.0594,0,0,0,2
83,1988,0,Phillippines,86.40000000000001,19,2954,0,0,0,58.867229,.0644,1,0,1,3
83,1992,0,Phillippines,86.40000000000001,19,2954,0,0,0,64.99650699999999,.0815,1,0,1,4
83,1994,0,Phillippines,86.40000000000001,19,2954,0,0,0,68.05080700000001,.0942,0,0,0,5
83,1998,0,Phillippines,86.40000000000001,19,2954,0,0,0,74.393147,.0971,0,0,0,6
83,2002,0,Phillippines,86.40000000000001,19,2954,0,0,0,80.95365200000001,.1005,0,0,0,7
83,2006,0,Phillippines,86.40000000000001,19,2954,0,0,0,87.366573,.1399,0,0,0,8
83,2010,0,Phillippines,86.40000000000001,19,2954,0,0,0,93.444322,.2136,0,0,0,9
83,2014,0,Phillippines,86.40000000000001,19,2954,0,0,0,96.70676400000001,.1399,1,0,1,10
84,1980,0,Poland ,32.2,21,2499,0,0,0,35.57415,,1,0,30,1
84,1984,0,Poland ,32.2,21,2499,0,0,0,36.904134,,1,0,30,2
84,1988,0,Poland ,32.2,21,2499,0,0,0,37.824487,.182,1,0,33,3
84,1992,0,Poland ,32.2,21,2499,0,0,0,38.363667,.2406,1,0,53,4
84,1994,0,Poland ,32.2,21,2499,0,0,0,38.542652,.2813,1,0,28,5
84,1998,0,Poland ,32.2,21,2499,0,0,0,38.663481,.4472,1,0,39,6
84,2002,0,Poland ,32.2,21,2499,0,1,1,38.230364,.5184,1,2,27,7
84,2006,0,Poland ,32.2,21,2499,0,1,1,38.141267,.8958,1,2,48,8
84,2010,0,Poland ,32.2,21,2499,1,3,2,38.183683,1.2302,1,6,50,9
84,2014,0,Poland ,32.2,21,2499,4,1,1,38.535873,.8958,1,6,59,10
85,1980,0,Portugal ,58.6,99.90000000000001,2351,0,0,0,9.766311999999999,.3323,0,0,0,1
85,1984,0,Portugal ,58.6,99.90000000000001,2351,0,0,0,9.996231999999999,.2489,0,0,0,2
85,1988,0,Portugal ,58.6,99.90000000000001,2351,0,0,0,10.01961,.5549,1,0,5,3
85,1992,0,Portugal ,58.6,99.90000000000001,2351,0,0,0,9.952494,1.0666,0,0,0,4
85,1994,0,Portugal ,58.6,99.90000000000001,2351,0,0,0,9.991524999999999,.9844000000000001,1,0,1,5
85,1998,0,Portugal ,58.6,99.90000000000001,2351,0,0,0,10.160196,1.2092,1,0,2,6
85,2002,0,Portugal ,58.6,99.90000000000001,2351,0,0,0,10.419631,1.2696,0,0,0,7
85,2006,0,Portugal ,58.6,99.90000000000001,2351,0,0,0,10.522288,1.9177,1,0,1,8
85,2010,0,Portugal ,58.6,99.90000000000001,2351,0,0,0,10.5731,2.1653,1,0,1,9
85,2014,0,Portugal ,58.6,99.90000000000001,2351,0,0,0,10.514844,1.9177,1,0,2,10
86,1980,0,Puerto Rico,83.2,95.5,1338,0,0,0,3.206,.4503,0,0,0,1
86,1984,0,Puerto Rico,83.2,95.5,1338,0,0,0,3.34419,.573,1,0,1,2
86,1988,0,Puerto Rico,83.2,95.5,1338,0,0,0,3.473898,.7536000000000001,1,0,10,3
86,1992,0,Puerto Rico,83.2,95.5,1338,0,0,0,3.585176,.9659,1,0,6,4
86,1994,0,Puerto Rico,83.2,95.5,1338,0,0,0,3.649237,1.0877,1,0,5,5
86,1998,0,Puerto Rico,83.2,95.5,1338,0,0,0,3.781101,1.4304,1,0,6,6
86,2002,0,Puerto Rico,83.2,95.5,1338,0,0,0,3.823701,1.8732,1,0,2,7
86,2006,0,Puerto Rico,83.2,95.5,1338,0,0,0,3.805214,2.2642,0,0,0,8
86,2010,0,Puerto Rico,83.2,95.5,1338,0,0,0,3.721208,2.6106,0,0,0,9
86,2014,0,Puerto Rico,83.2,95.5,1338,0,0,0,3.667084,2.2642,0,0,0,10
87,1980,0,Romania ,34.7,40,2544,0,0,0,22.242653,,1,0,35,1
87,1984,0,Romania ,34.7,40,2544,0,0,0,22.65594,,1,0,19,2
87,1988,0,Romania ,34.7,40,2544,0,0,0,23.057662,.1753,1,0,14,3
87,1992,0,Romania ,34.7,40,2544,0,0,0,22.794284,.1101,1,0,23,4
87,1994,0,Romania ,34.7,40,2544,0,0,0,22.730211,.1323,1,0,23,5
87,1998,0,Romania ,34.7,40,2544,0,0,0,22.507344,.1871,1,0,16,6
87,2002,0,Romania ,34.7,40,2544,0,0,0,21.730496,.2116,1,0,21,7
87,2006,0,Romania ,34.7,40,2544,0,0,0,21.19376,.5789,1,0,25,8
87,2010,0,Romania ,34.7,40,2544,0,0,0,20.246871,.8139,1,0,29,9
87,2014,0,Romania ,34.7,40,2544,0,0,0,20.076727,.5789,1,0,24,10
88,1980,0,Russia ,25,52,5633,0,0,0,139.01,,0,0,0,1
88,1984,0,Russia ,25,52,5633,0,0,0,142.745,,0,0,0,2
88,1988,0,Russia ,25,52,5633,0,0,0,146.857,,0,0,0,3
88,1992,0,Russia ,25,52,5633,0,0,0,148.689,.3095,0,0,0,4
88,1994,0,Russia ,25,52,5633,11,8,4,148.336,.2663,1,23,113,5
88,1998,0,Russia ,25,52,5633,9,6,3,146.899,.1844,1,18,122,6
88,2002,0,Russia ,25,52,5633,5,4,4,145.3,.2375,1,13,151,7
88,2006,0,Russia ,25,52,5633,8,6,8,142.5,.6947,1,22,178,8
88,2010,0,Russia ,25,52,5633,3,5,7,142.389,1.071,1,15,177,9
88,2014,1,Russia ,25,52,5633,13,11,9,143.533,.6947,1,33,226,10
89,1980,0,San Marino ,45.5,59,755,0,0,0,.021397,,0,0,0,1
89,1984,0,San Marino ,45.5,59,755,0,0,0,.022514,,1,0,3,2
89,1988,0,San Marino ,45.5,59,755,0,0,0,.023571,,1,0,5,3
89,1992,0,San Marino ,45.5,59,755,0,0,0,.024766,,1,0,3,4
89,1994,0,San Marino ,45.5,59,755,0,0,0,.025402,,1,0,3,5
89,1998,0,San Marino ,45.5,59,755,0,0,0,.026321,,0,0,0,6
89,2002,0,San Marino ,45.5,59,755,0,0,0,.028064,3.1355,1,0,1,7
89,2006,0,San Marino ,45.5,59,755,0,0,0,.03013,4.8758,1,0,1,8
89,2010,0,San Marino ,45.5,59,755,0,0,0,.030861,,1,0,1,9
89,2014,0,San Marino ,45.5,59,755,0,0,0,.031247,4.8758,1,0,2,10
90,1980,0,Senegal ,77,2.1,581,0,0,0,5.568908,.0629,0,0,0,1
90,1984,0,Senegal ,77,2.1,581,0,0,0,6.246065,.0433,1,0,1,2
90,1988,0,Senegal ,77,2.1,581,0,0,0,7.062329,.0706,0,0,0,3
90,1992,0,Senegal ,77,2.1,581,0,0,0,7.990968,.0751,1,0,2,4
90,1994,0,Senegal ,77,2.1,581,0,0,0,8.475766,.0457,1,0,1,5
90,1998,0,Senegal ,77,2.1,581,0,0,0,9.387783000000001,.0536,0,0,0,6
90,2002,0,Senegal ,77,2.1,581,0,0,0,10.39005,.0513,0,0,0,7
90,2006,0,Senegal ,77,2.1,581,0,0,0,11.582925,.0808,1,0,1,8
90,2010,0,Senegal ,77,2.1,581,0,0,0,12.950564,.0999,1,0,1,9
90,2014,0,Senegal ,77,2.1,581,0,0,0,13.726021,.0808,0,0,0,10
91,1980,0,Serbia ,40.3,46.9,2169,0,0,0,0,,0,0,0,1
91,1984,0,Serbia ,40.3,46.9,2169,0,0,0,0,,0,0,0,2
91,1988,0,Serbia ,40.3,46.9,2169,0,0,0,0,,0,0,0,3
91,1992,0,Serbia ,40.3,46.9,2169,0,0,0,7.646424,,0,0,0,4
91,1994,0,Serbia ,40.3,46.9,2169,0,0,0,7.734639,,0,0,0,5
91,1998,0,Serbia ,40.3,46.9,2169,0,0,0,7.567745,.2141,0,0,0,6
91,2002,0,Serbia ,40.3,46.9,2169,0,0,0,7.500031,.2014,0,0,0,7
91,2006,0,Serbia ,40.3,46.9,2169,0,0,0,7.411569,.3943,0,0,0,8
91,2010,0,Serbia ,40.3,46.9,2169,0,0,0,7.291436,.5073,1,0,10,9
91,2014,0,Serbia ,40.3,46.9,2169,0,0,0,7.223887,.3943,1,0,8,10
92,1980,0,Serbia and Montenegro,,,,0,0,0,0,,0,0,0,1
92,1984,0,Serbia and Montenegro,,,,0,0,0,0,,0,0,0,2
92,1988,0,Serbia and Montenegro,,,,0,0,0,0,,0,0,0,3
92,1992,0,Serbia and Montenegro,,,,0,0,0,7.646424,,0,0,0,4
92,1994,0,Serbia and Montenegro,,,,0,0,0,7.734639,,0,0,0,5
92,1998,0,Serbia and Montenegro,,,,0,0,0,7.567745,.2141,0,0,0,6
92,2002,0,Serbia and Montenegro,,,,0,0,0,7.500031,.2014,0,0,0,7
92,2006,,Serbia and Montenegro,,,,0,0,0,7.411569,.3943,1,0,6,8
93,1980,0,Slovakia ,36.9,39,2655,0,0,0,4.979815,,0,0,0,1
93,1984,0,Slovakia ,36.9,39,2655,0,0,0,5.127097,.1122,0,0,0,2
93,1988,0,Slovakia ,36.9,39,2655,0,0,0,5.250596,.1919,0,0,0,3
93,1992,0,Slovakia ,36.9,39,2655,0,0,0,5.305016,.269,0,0,0,4
93,1994,0,Slovakia ,36.9,39,2655,0,0,0,5.346331,.3686,1,0,42,5
93,1998,0,Slovakia ,36.9,39,2655,0,0,0,5.390516,.5431,1,0,37,6
93,2002,0,Slovakia ,36.9,39,2655,0,0,0,5.376912,.6442,1,0,49,7
93,2006,0,Slovakia ,36.9,39,2655,0,1,0,5.373054,1.2842,1,1,62,8
93,2010,0,Slovakia ,36.9,39,2655,1,1,1,5.391428,1.6151,1,3,73,9
93,2014,0,Slovakia ,36.9,39,2655,1,0,0,5.407579,1.2842,1,1,62,10
94,1980,0,Slovenia ,37.4,71,2864,0,0,0,1.901315,,0,0,0,1
94,1984,0,Slovenia ,37.4,71,2864,0,0,0,1.932154,,0,0,0,2
94,1988,0,Slovenia ,37.4,71,2864,0,0,0,1.995196,,0,0,0,3
94,1992,0,Slovenia ,37.4,71,2864,0,0,0,1.996498,.6272,1,0,27,4
94,1994,0,Slovenia ,37.4,71,2864,0,0,3,1.989443,.7231,1,3,22,5
94,1998,0,Slovenia ,37.4,71,2864,0,0,0,1.981629,1.0974,1,0,34,6
94,2002,0,Slovenia ,37.4,71,2864,0,0,1,1.99453,1.16,1,1,40,7
94,2006,0,Slovenia ,37.4,71,2864,0,0,0,2.006868,1.9406,1,0,42,8
94,2010,0,Slovenia ,37.4,71,2864,0,2,1,2.048583,2.2898,1,3,50,9
94,2014,0,Slovenia ,37.4,71,2864,2,2,4,2.057159,1.9406,1,8,66,10
95,1980,0,South Africa ,62.1,4,3408,0,0,0,27.576,.2921,0,0,0,1
95,1984,0,South Africa ,62.1,4,3408,0,0,0,30.505361,.2792,0,0,0,2
95,1988,0,South Africa ,62.1,4,3408,0,0,0,33.728498,.3399,0,0,0,3
95,1992,0,South Africa ,62.1,4,3408,0,0,0,36.690739,.3557,0,0,0,4
95,1994,0,South Africa ,62.1,4,3408,0,0,0,38.283223,.3547,1,0,2,5
95,1998,0,South Africa ,62.1,4,3408,0,0,0,41.899683,.3205,1,0,2,6
95,2002,0,South Africa ,62.1,4,3408,0,0,0,45.808736,.2425,1,0,1,7
95,2006,0,South Africa ,62.1,4,3408,0,0,0,48.269753,.5407,1,0,3,8
95,2010,0,South Africa ,62.1,4,3408,0,0,0,50.895698,.7137,1,0,2,9
95,2014,0,South Africa ,62.1,4,3408,0,0,0,52.274945,.5407,0,0,0,10
96,1980,0,South Korea ,34.7,20.8,1950,0,0,0,38.123775,.1674,1,0,10,1
96,1984,0,South Korea ,34.7,20.8,1950,0,0,0,40.405956,.2307,1,0,15,2
96,1988,0,South Korea ,34.7,20.8,1950,0,0,0,42.031247,.446,1,0,33,3
96,1992,0,South Korea ,34.7,20.8,1950,2,1,1,43.747962,.7541,1,4,23,4
96,1994,0,South Korea ,34.7,20.8,1950,4,1,1,44.64154,.9485,1,6,21,5
96,1998,0,South Korea ,34.7,20.8,1950,3,1,2,46.286503,.7463,1,6,37,6
96,2002,0,South Korea ,34.7,20.8,1950,2,2,0,47.622179,1.2094,1,4,48,7
96,2006,0,South Korea ,34.7,20.8,1950,6,3,2,48.371946,1.9676,1,11,40,8
96,2010,0,South Korea ,34.7,20.8,1950,6,6,2,49.410366,2.054,1,14,46,9
96,2014,0,South Korea ,34.7,20.8,1950,3,3,2,50.004441,1.9676,1,8,71,10
97,1980,0,Soviet Union,,,,10,6,6,4.701961,,1,22,86,1
97,1984,0,Soviet Union,,,,6,10,9,5.315479,,1,25,99,2
97,1988,0,Soviet Union,,,,11,9,9,5.738763,,1,29,119,3
98,1980,0,Spain ,49.5,37,3718,0,0,0,37.439035,.6031,1,0,8,1
98,1984,0,Spain ,49.5,37,3718,0,0,0,38.278575,.4361,1,0,13,2
98,1988,0,Spain ,49.5,37,3718,0,0,0,38.715849,.9425,1,0,13,3
98,1992,0,Spain ,49.5,37,3718,0,0,1,39.067745,1.5666,1,1,17,4
98,1994,0,Spain ,49.5,37,3718,0,0,0,39.294967,1.3098,1,0,13,5
98,1998,0,Spain ,49.5,37,3718,0,0,0,39.721108,1.5122,1,0,12,6
98,2002,0,Spain ,49.5,37,3718,0,0,0,41.431558,1.6565,1,0,7,7
98,2006,0,Spain ,49.5,37,3718,0,0,0,44.397319,2.7847,1,0,16,8
98,2010,0,Spain ,49.5,37,3718,0,0,0,46.576897,2.9732,1,0,18,9
98,2014,0,Spain ,49.5,37,3718,0,0,0,46.761264,2.7847,1,0,20,10
99,1980,0,Swaziland,61.9,15.9,1862,0,0,0,.6033730000000001,.0898,0,0,0,1
99,1984,0,Swaziland,61.9,15.9,1862,0,0,0,.680253,.0727,0,0,0,2
99,1988,0,Swaziland,61.9,15.9,1862,0,0,0,.80135,.0864,0,0,0,3
99,1992,0,Swaziland,61.9,15.9,1862,0,0,0,.907947,.1415,1,0,1,4
99,1994,0,Swaziland,61.9,15.9,1862,0,0,0,.944223,.1503,0,0,0,5
99,1998,0,Swaziland,61.9,15.9,1862,0,0,0,1.028694,.1533,0,0,0,6
99,2002,0,Swaziland,61.9,15.9,1862,0,0,0,1.082183,.1131,0,0,0,7
99,2006,0,Swaziland,61.9,15.9,1862,0,0,0,1.118253,.2636,0,0,0,8
99,2010,0,Swaziland,61.9,15.9,1862,0,0,0,1.193148,.3094,0,0,0,9
99,2014,0,Swaziland,61.9,15.9,1862,0,0,0,1.230985,.2636,0,0,0,10
100,1980,0,Sweden ,30.7,39,2111,3,0,1,8.310530999999999,1.6221,1,4,61,1
100,1984,0,Sweden ,30.7,39,2111,4,2,2,8.336605000000001,1.2428,1,8,60,2
100,1988,0,Sweden ,30.7,39,2111,4,0,2,8.436489,2.3277,1,6,91,3
100,1992,0,Sweden ,30.7,39,2111,1,0,3,8.668067000000001,3.112,1,4,73,4
100,1994,0,Sweden ,30.7,39,2111,2,1,0,8.780745,2.4775,1,3,84,5
100,1998,0,Sweden ,30.7,39,2111,0,2,1,8.850974000000001,2.8779,1,3,99,6
100,2002,0,Sweden ,30.7,39,2111,0,2,5,8.924958,2.8119,1,7,102,7
100,2006,0,Sweden ,30.7,39,2111,7,2,5,9.080505000000001,4.3949,1,14,112,8
100,2010,0,Sweden ,30.7,39,2111,5,2,4,9.378126,4.936,1,11,106,9
100,2014,0,Sweden ,30.7,39,2111,2,7,6,9.519373999999999,4.3949,1,15,106,10
101,1980,0,Switzerland ,37.8,65,4634,1,1,3,6.319408,1.7807,1,5,44,1
101,1984,0,Switzerland ,37.8,65,4634,2,2,1,6.441865,1.5601,1,5,42,2
101,1988,0,Switzerland ,37.8,65,4634,5,5,5,6.593386,3.0016,1,15,94,3
101,1992,0,Switzerland ,37.8,65,4634,1,0,2,6.875364,3.7383,1,3,74,4
101,1994,0,Switzerland ,37.8,65,4634,3,4,2,6.993795,3.9567,1,9,59,5
101,1998,0,Switzerland ,37.8,65,4634,2,2,3,7.110001,3.9227,1,7,69,6
101,2002,0,Switzerland ,37.8,65,4634,3,2,6,7.284753,3.935,1,11,110,7
101,2006,0,Switzerland ,37.8,65,4634,5,4,5,7.483934,5.414,1,14,143,8
101,2010,0,Switzerland ,37.8,65,4634,6,0,3,7.824909,7.037,1,9,146,9
101,2014,0,Switzerland ,37.8,65,4634,6,3,2,7.996861,5.414,1,11,168,10
102,1980,0,Tajikistan ,48.9,66.3,7495,0,0,0,3.917642,,0,0,0,1
102,1984,0,Tajikistan ,48.9,66.3,7495,0,0,0,4.400743,,0,0,0,2
102,1988,0,Tajikistan ,48.9,66.3,7495,0,0,0,5.008827,,0,0,0,3
102,1992,0,Tajikistan ,48.9,66.3,7495,0,0,0,5.523207,.0346,0,0,0,4
102,1994,0,Tajikistan ,48.9,66.3,7495,0,0,0,5.702611,.0236,0,0,0,5
102,1998,0,Tajikistan ,48.9,66.3,7495,0,0,0,6.012933,.022,0,0,0,6
102,2002,0,Tajikistan ,48.9,66.3,7495,0,0,0,6.404118,.0191,1,0,1,7
102,2006,0,Tajikistan ,48.9,66.3,7495,0,0,0,6.954522,.0407,1,0,1,8
102,2010,0,Tajikistan ,48.9,66.3,7495,0,0,0,7.627326,.074,1,0,1,9
102,2014,0,Tajikistan ,48.9,66.3,7495,0,0,0,8.008990000000001,.0407,1,0,1,10
103,1980,0,Thailand,90.5,13.3,2576,0,0,0,47.369137,.0683,0,0,0,1
103,1984,0,Thailand,90.5,13.3,2576,0,0,0,51.09039,.0818,0,0,0,2
103,1988,0,Thailand,90.5,13.3,2576,0,0,0,54.956736,.1122,0,0,0,3
103,1992,0,Thailand,90.5,13.3,2576,0,0,0,57.661001,.1933,0,0,0,4
103,1994,0,Thailand,90.5,13.3,2576,0,0,0,58.491145,.2467,0,0,0,5
103,1998,0,Thailand,90.5,13.3,2576,0,0,0,60.903042,.1837,0,0,0,6
103,2002,0,Thailand,90.5,13.3,2576,0,0,0,63.797841,.1989,1,0,1,7
103,2006,0,Thailand,90.5,13.3,2576,0,0,0,65.883961,.3143,1,0,1,8
103,2010,0,Thailand,90.5,13.3,2576,0,0,0,66.402316,.4803,0,0,0,9
103,2014,0,Thailand,90.5,13.3,2576,0,0,0,66.78500099999999,.3143,1,0,1,10
104,1980,0,Timor-Leste,75.90000000000001,44.9,2963,0,0,0,.58073,,0,0,0,1
104,1984,0,Timor-Leste,75.90000000000001,44.9,2963,0,0,0,.638938,,0,0,0,2
104,1988,0,Timor-Leste,75.90000000000001,44.9,2963,0,0,0,.711794,,0,0,0,3
104,1992,0,Timor-Leste,75.90000000000001,44.9,2963,0,0,0,.8048030000000001,,0,0,0,4
104,1994,0,Timor-Leste,75.90000000000001,44.9,2963,0,0,0,.853716,,0,0,0,5
104,1998,0,Timor-Leste,75.90000000000001,44.9,2963,0,0,0,.853069,,0,0,0,6
104,2002,0,Timor-Leste,75.90000000000001,44.9,2963,0,0,0,.899367,.0474,0,0,0,7
104,2006,0,Timor-Leste,75.90000000000001,44.9,2963,0,0,0,1.014439,.0456,0,0,0,8
104,2010,0,Timor-Leste,75.90000000000001,44.9,2963,0,0,0,1.142502,.0818,0,0,0,9
104,2014,0,Timor-Leste,75.90000000000001,44.9,2963,0,0,0,1.210233,.0456,1,0,1,10
105,1980,0,Togo,82.8,81,986,0,0,0,2.720838,.0418,0,0,0,1
105,1984,0,Togo,82.8,81,986,0,0,0,3.140297,.0229,0,0,0,2
105,1988,0,Togo,82.8,81,986,0,0,0,3.579803,.0385,0,0,0,3
105,1992,0,Togo,82.8,81,986,0,0,0,3.985364,.0425,0,0,0,4
105,1994,0,Togo,82.8,81,986,0,0,0,4.181481,.0235,0,0,0,5
105,1998,0,Togo,82.8,81,986,0,0,0,4.62071,.0344,0,0,0,6
105,2002,0,Togo,82.8,81,986,0,0,0,5.123674,.0288,0,0,0,7
105,2006,0,Togo,82.8,81,986,0,0,0,5.685845,.0387,0,0,0,8
105,2010,0,Togo,82.8,81,986,0,0,0,6.306014,.0503,0,0,0,9
105,2014,0,Togo,82.8,81,986,0,0,0,6.642928,.0387,1,0,2,10
106,1980,0,Tonga,77,100,1033,0,0,0,.093007,.0573,0,0,0,1
106,1984,0,Tonga,77,100,1033,0,0,0,.093838,.0685,0,0,0,2
106,1988,0,Tonga,77,100,1033,0,0,0,.094687,.1126,0,0,0,3
106,1992,0,Tonga,77,100,1033,0,0,0,.095443,.1436,0,0,0,4
106,1994,0,Tonga,77,100,1033,0,0,0,.095712,.2025,0,0,0,5
106,1998,0,Tonga,77,100,1033,0,0,0,.096991,.1945,0,0,0,6
106,2002,0,Tonga,77,100,1033,0,0,0,.099083,.1835,0,0,0,7
106,2006,0,Tonga,77,100,1033,0,0,0,.101617,.2913,0,0,0,8
106,2010,0,Tonga,77,100,1033,0,0,0,.104098,.3547,0,0,0,9
106,2014,0,Tonga,77,100,1033,0,0,0,.104941,.2913,1,0,1,10
107,1980,0,Trinidad and Tobago,87.8,42.9,940,0,0,0,1.085308,.5746,0,0,0,1
107,1984,0,Trinidad and Tobago,87.8,42.9,940,0,0,0,1.155701,.6711,0,0,0,2
107,1988,0,Trinidad and Tobago,87.8,42.9,940,0,0,0,1.20489,.3732,0,0,0,3
107,1992,0,Trinidad and Tobago,87.8,42.9,940,0,0,0,1.237486,.447,0,0,0,4
107,1994,0,Trinidad and Tobago,87.8,42.9,940,0,0,0,1.250316,.3957,1,0,2,5
107,1998,0,Trinidad and Tobago,87.8,42.9,940,0,0,0,1.262544,.4787,1,0,2,6
107,2002,0,Trinidad and Tobago,87.8,42.9,940,0,0,0,1.277723,.705,1,0,2,7
107,2006,0,Trinidad and Tobago,87.8,42.9,940,0,0,0,1.303478,1.4163,0,0,0,8
107,2010,0,Trinidad and Tobago,87.8,42.9,940,0,0,0,1.328095,1.5562,0,0,0,9
107,2014,0,Trinidad and Tobago,87.8,42.9,940,0,0,0,1.337439,1.4163,0,0,0,10
108,1980,0,Turkey ,48.6,83.40000000000001,5166,0,0,0,43.90579,.1567,0,0,0,1
108,1984,0,Turkey ,48.6,83.40000000000001,5166,0,0,0,48.138191,.1246,1,0,7,2
108,1988,0,Turkey ,48.6,83.40000000000001,5166,0,0,0,52.125597,.1743,1,0,8,3
108,1992,0,Turkey ,48.6,83.40000000000001,5166,0,0,0,55.815175,.285,1,0,8,4
108,1994,0,Turkey ,48.6,83.40000000000001,5166,0,0,0,57.613441,.2268,1,0,1,5
108,1998,0,Turkey ,48.6,83.40000000000001,5166,0,0,0,61.308204,.4392,1,0,1,6
108,2002,0,Turkey ,48.6,83.40000000000001,5166,0,0,0,65.0223,.3576,1,0,3,7
108,2006,0,Turkey ,48.6,83.40000000000001,5166,0,0,0,68.62633700000001,.7736,1,0,6,8
108,2010,0,Turkey ,48.6,83.40000000000001,5166,0,0,0,72.137546,1.0135,1,0,5,9
108,2014,0,Turkey ,48.6,83.40000000000001,5166,0,0,0,73.997128,.7736,1,0,6,10
109,1980,0,US Virgin Islands,86,48,474,0,0,0,.097,.7503,0,0,0,1
109,1984,0,US Virgin Islands,86,48,474,0,0,0,.108,.9124,0,0,0,2
109,1988,0,US Virgin Islands,86,48,474,0,0,0,.1045,1.1527,1,0,8,3
109,1992,0,US Virgin Islands,86,48,474,0,0,0,.105711,1.6752,1,0,12,4
109,1994,0,US Virgin Islands,86,48,474,0,0,0,.107317,,1,0,8,5
109,1998,0,US Virgin Islands,86,48,474,0,0,0,.108535,,1,0,7,6
109,2002,0,US Virgin Islands,86,48,474,0,0,0,.108208,,1,0,8,7
109,2006,0,US Virgin Islands,86,48,474,0,0,0,.1077,,1,0,1,8
109,2010,0,US Virgin Islands,86,48,474,0,0,0,.106267,,0,0,0,9
109,2014,0,US Virgin Islands,86,48,474,0,0,0,.105275,,1,0,1,10
110,1980,0,Ukraine ,30.4,36,2061,0,0,0,49.973757,,0,0,0,1
110,1984,0,Ukraine ,30.4,36,2061,0,0,0,50.754,,0,0,0,2
110,1988,0,Ukraine ,30.4,36,2061,0,0,0,51.521,.145,0,0,0,3
110,1992,0,Ukraine ,30.4,36,2061,0,0,0,52.150266,.1418,0,0,0,4
110,1994,0,Ukraine ,30.4,36,2061,1,0,1,51.921041,.1012,1,2,37,5
110,1998,0,Ukraine ,30.4,36,2061,0,1,0,50.143939,.0835,1,1,56,6
110,2002,0,Ukraine ,30.4,36,2061,0,0,0,48.2025,.0879,1,0,68,7
110,2006,0,Ukraine ,30.4,36,2061,0,0,2,46.78775,.2303,1,2,53,8
110,2010,0,Ukraine ,30.4,36,2061,0,0,0,45.8707,.2974,1,0,47,9
110,2014,0,Ukraine ,30.4,36,2061,1,0,1,45.5933,.2303,1,2,43,10
111,1992,0,Unified Team (Former Soviet),,,,9,6,8,,,1,23,129,4
112,1980,1,United States ,38.3,92.7,6194,6,4,2,227.225,1.2598,1,12,101,1
112,1984,0,United States ,38.3,92.7,6194,4,4,0,235.825,1.7134,1,8,107,2
112,1988,0,United States ,38.3,92.7,6194,2,1,3,244.499,2.1483,1,6,167,3
112,1992,0,United States ,38.3,92.7,6194,5,4,2,256.514,2.5493,1,11,147,4
112,1994,0,United States ,38.3,92.7,6194,6,5,2,263.126,2.7776,1,13,147,5
112,1998,0,United States ,38.3,92.7,6194,6,3,4,275.854,3.2949,1,13,186,6
112,2002,1,United States ,38.3,92.7,6194,10,13,11,287.625193,3.8175,1,34,202,7
112,2006,0,United States ,38.3,92.7,6194,9,9,7,298.379912,4.6444,1,25,211,8
112,2010,0,United States ,38.3,92.7,6194,9,15,13,309.326225,4.8358,1,37,215,9
112,2014,0,United States ,38.3,92.7,6194,9,7,12,313.91404,4.6444,1,28,230,10
113,1980,0,Uruguay,59,86.40000000000001,514,0,0,0,2.915735,.3486,0,0,0,1
113,1984,0,Uruguay,59,86.40000000000001,514,0,0,0,2.992644,.1621,0,0,0,2
113,1988,0,Uruguay,59,86.40000000000001,514,0,0,0,3.069112,.2676,0,0,0,3
113,1992,0,Uruguay,59,86.40000000000001,514,0,0,0,3.154657,.4082,0,0,0,4
113,1994,0,Uruguay,59,86.40000000000001,514,0,0,0,3.201235,.5459000000000001,0,0,0,5
113,1998,0,Uruguay,59,86.40000000000001,514,0,0,0,3.291677,.7712,1,0,1,6
113,2002,0,Uruguay,59,86.40000000000001,514,0,0,0,3.3275,.4089,0,0,0,7
113,2006,0,Uruguay,59,86.40000000000001,514,0,0,0,3.330217,.5879,0,0,0,8
113,2010,0,Uruguay,59,86.40000000000001,514,0,0,0,3.371982,1.152,0,0,0,9
113,2014,0,Uruguay,59,86.40000000000001,514,0,0,0,3.395253,.5879,0,0,0,10
114,1980,0,Uzbekistan,43.2,57.8,4301,0,0,0,16.026812,,0,0,0,1
114,1984,0,Uzbekistan,43.2,57.8,4301,0,0,0,17.778956,,0,0,0,2
114,1988,0,Uzbekistan,43.2,57.8,4301,0,0,0,19.606739,,0,0,0,3
114,1992,0,Uzbekistan,43.2,57.8,4301,0,0,0,21.449,.0604,0,0,0,4
114,1994,0,Uzbekistan,43.2,57.8,4301,1,0,0,22.377,.0576,1,1,7,5
114,1998,0,Uzbekistan,43.2,57.8,4301,0,0,0,24.051,.0623,1,0,4,6
114,2002,0,Uzbekistan,43.2,57.8,4301,0,0,0,25.27185,.0383,1,0,6,7
114,2006,0,Uzbekistan,43.2,57.8,4301,0,0,0,26.48825,.0643,1,0,4,8
114,2010,0,Uzbekistan,43.2,57.8,4301,0,0,0,28.5624,.1377,1,0,3,9
114,2014,0,Uzbekistan,43.2,57.8,4301,0,0,0,29.7745,.0643,1,0,3,10
115,1980,0,Venezuela,73.90000000000001,15.3,5007,0,0,0,15.096432,.4447,0,0,0,1
115,1984,0,Venezuela,73.90000000000001,15.3,5007,0,0,0,16.867806,.3317,0,0,0,2
115,1988,0,Venezuela,73.90000000000001,15.3,5007,0,0,0,18.766017,.3114,0,0,0,3
115,1992,0,Venezuela,73.90000000000001,15.3,5007,0,0,0,20.691641,.2826,0,0,0,4
115,1994,0,Venezuela,73.90000000000001,15.3,5007,0,0,0,21.626607,.2614,0,0,0,5
115,1998,0,Venezuela,73.90000000000001,15.3,5007,0,0,0,23.4827,.389,1,0,1,6
115,2002,0,Venezuela,73.90000000000001,15.3,5007,0,0,0,25.333622,.3667,1,0,4,7
115,2006,0,Venezuela,73.90000000000001,15.3,5007,0,0,0,27.190882,.6748,1,0,1,8
115,2010,0,Venezuela,73.90000000000001,15.3,5007,0,0,0,29.043283,1.3559,0,0,0,9
115,2014,0,Venezuela,73.90000000000001,15.3,5007,0,0,0,29.954782,.6748,1,0,1,10
116,1980,0,West Germany,,,,0,2,3,0,,1,5,80,1
116,1984,0,West Germany,,,,2,1,1,0,,1,4,84,2
116,1988,0,West Germany,,,,2,4,2,0,,1,8,116,3
117,1980,0,Yugoslavia,38.7,68,2386,0,0,0,7.906977,,1,0,15,1
117,1984,1,Yugoslavia,38.7,68,2386,0,1,0,9.276622,,1,1,71,2
117,1988,0,Yugoslavia,38.7,68,2386,0,2,1,10.815614,,1,3,23,3
117,1992,0,Yugoslavia,38.7,68,2386,0,0,0,13.040955,.0496,1,0,25,4
117,1994,0,Yugoslavia,38.7,68,2386,0,0,0,14.39672,.0289,0,0,0,5
117,1998,0,Yugoslavia,38.7,68,2386,0,0,0,16.564235,.0382,1,0,2,6
117,2002,0,Yugoslavia,38.7,68,2386,0,0,0,,.0576,1,0,6,7
117,2006,0,Yugoslavia,38.7,68,2386,0,0,0,,,0,0,0,8
117,2010,0,Yugoslavia,38.7,68,2386,0,0,0,22.763008,,0,0,0,9
117,2014,0,Yugoslavia,38.7,68,2386,0,0,0,,,0,0,0,10
118,1980,0,Zimbabwe,70.90000000000001,2.3,2592,0,0,0,7.289069,.0916,0,0,0,1
118,1984,0,Zimbabwe,70.90000000000001,2.3,2592,0,0,0,8.527836000000001,.0745,0,0,0,2
118,1988,0,Zimbabwe,70.90000000000001,2.3,2592,0,0,0,9.854098000000001,.0793,0,0,0,3
118,1992,0,Zimbabwe,70.90000000000001,2.3,2592,0,0,0,10.981267,.0615,0,0,0,4
118,1994,0,Zimbabwe,70.90000000000001,2.3,2592,0,0,0,11.428655,.0603,0,0,0,5
118,1998,0,Zimbabwe,70.90000000000001,2.3,2592,0,0,0,12.2295,.0523,0,0,0,6
118,2002,0,Zimbabwe,70.90000000000001,2.3,2592,0,0,0,12.640922,.0502,0,0,0,7
118,2006,0,Zimbabwe,70.90000000000001,2.3,2592,0,0,0,12.724308,.0428,0,0,0,8
118,2010,0,Zimbabwe,70.90000000000001,2.3,2592,0,0,0,13.076978,.0568,0,0,0,9
118,2014,0,Zimbabwe,70.90000000000001,2.3,2592,0,0,0,13.724317,.0428,1,0,1,10
